date,day_idx,cash,n_open_positions,realized_dollars_so_far,nav,log_ret
2024-01-26,3149,75000.0,1,0.0,100000.0,0.0
2024-01-29,3150,75000.0,1,0.0,100825.52981763902,0.008221409581625327
2024-01-30,3151,75000.0,1,0.0,100252.58748153227,-0.005698719426519242
2024-01-31,3152,24852.143913247783,3,0.0,100295.71217350443,0.0004300678959735794
2024-02-01,3153,24852.143913247783,3,0.0,97846.61639280064,-0.024721830326901673
2024-02-02,3154,449.1747380264351,4,0.0,97611.87670088539,-0.002401940187475339
2024-02-05,3155,449.1747380264351,4,0.0,98085.89612769385,0.0048444123506749355
2024-02-06,3156,449.1747380264351,4,0.0,98390.1840969125,0.0030974580941888073
2024-02-07,3157,449.1747380264351,4,0.0,98400.48784481526,0.00010471784877295873
2024-02-08,3158,449.1747380264351,4,0.0,98985.72900736914,0.005929926484625742
2024-02-09,3159,23071.156009588714,3,0.0,98643.69011548102,-0.0034614202168455027
2024-02-12,3160,23071.156009588714,3,0.0,98503.19958692013,-0.001425237319792433
2024-02-13,3161,23071.156009588714,3,0.0,98009.54246383475,-0.0050241847562536406
2024-02-14,3162,72788.39079769989,1,0.0,98488.94495479407,0.0048794619076943865
2024-02-15,3163,72788.39079769989,1,0.0,98341.21231928673,-0.0015011181751261255
2024-02-16,3164,98737.62822456477,0,0.0,98737.62822456477,0.004022922387951287
2024-02-20,3165,98737.62822456477,0,0.0,98737.62822456477,0.0
2024-02-21,3166,74053.22116842358,1,0.0,98737.62822456477,0.0
2024-02-22,3167,74053.22116842358,1,0.0,98014.16963558795,-0.007354055793722614
2024-02-23,3168,74053.22116842358,1,0.0,98506.12147610763,0.005006636875598401
2024-02-26,3169,74053.22116842358,1,0.0,98828.8953080966,0.0032713314149595625
2024-02-27,3170,74053.22116842358,1,0.0,99109.37463799263,0.0028340099941007984
2024-02-28,3171,74053.22116842358,1,0.0,98833.3473609712,-0.0027889629197053157
2024-02-29,3172,49297.58126659541,2,0.0,99022.5596073127,0.001912627294491526
2024-03-01,3173,49297.58126659541,2,0.0,98906.40760500079,-0.0011736737404454633
2024-03-04,3174,49297.58126659541,2,0.0,99878.10987862365,0.009776516054081094
2024-03-05,3175,49297.58126659541,2,0.0,100079.33419911674,0.002012672139800798
2024-03-06,3176,75602.5355620728,1,0.0,100250.54224691977,0.0017092616690376951
2024-03-07,3177,75602.5355620728,1,0.0,100378.35669209967,0.0012741381042042394
2024-03-08,3178,75602.5355620728,1,0.0,100660.89388664588,0.002810768342463886
2024-03-11,3179,75602.5355620728,1,0.0,101266.33073205715,0.0059966025958870075
2024-03-12,3180,75602.5355620728,1,0.0,101299.96611238833,0.0003320925658836225
2024-03-13,3181,75602.5355620728,1,0.0,101387.41810117083,0.0008629248884780199
2024-03-14,3182,100674.34803877835,0,0.0,100674.34803877835,-0.007057970799140451
2024-03-15,3183,100674.34803877835,0,0.0,100674.34803877835,0.0
2024-03-18,3184,100674.34803877835,0,0.0,100674.34803877835,0.0
2024-03-19,3185,100674.34803877835,0,0.0,100674.34803877835,0.0
2024-03-20,3186,100674.34803877835,0,0.0,100674.34803877835,0.0
2024-03-21,3187,100674.34803877835,0,0.0,100674.34803877835,0.0
2024-03-22,3188,100674.34803877835,0,0.0,100674.34803877835,0.0
2024-03-25,3189,100674.34803877835,0,0.0,100674.34803877835,0.0
2024-03-26,3190,100674.34803877835,0,0.0,100674.34803877835,0.0
2024-03-27,3191,100674.34803877835,0,0.0,100674.34803877835,0.0
2024-03-28,3192,100674.34803877835,0,0.0,100674.34803877835,0.0
2024-04-01,3193,100674.34803877835,0,0.0,100674.34803877835,0.0
2024-04-02,3194,100674.34803877835,0,0.0,100674.34803877835,0.0
2024-04-03,3195,100674.34803877835,0,0.0,100674.34803877835,0.0
2024-04-04,3196,100674.34803877835,0,0.0,100674.34803877835,0.0
2024-04-05,3197,100674.34803877835,0,0.0,100674.34803877835,0.0
2024-04-08,3198,100674.34803877835,0,0.0,100674.34803877835,0.0
2024-04-09,3199,100674.34803877835,0,0.0,100674.34803877835,0.0
2024-04-10,3200,100674.34803877835,0,0.0,100674.34803877835,0.0
2024-04-11,3201,100674.34803877835,0,0.0,100674.34803877835,0.0
2024-04-12,3202,100674.34803877835,0,0.0,100674.34803877835,0.0
2024-04-15,3203,100674.34803877835,0,0.0,100674.34803877835,0.0
2024-04-16,3204,100674.34803877835,0,0.0,100674.34803877835,0.0
2024-04-17,3205,100674.34803877835,0,0.0,100674.34803877835,0.0
2024-04-18,3206,100674.34803877835,0,0.0,100674.34803877835,0.0
2024-04-19,3207,100674.34803877835,0,0.0,100674.34803877835,0.0
2024-04-22,3208,100674.34803877835,0,0.0,100674.34803877835,0.0
2024-04-23,3209,100674.34803877835,0,0.0,100674.34803877835,0.0
2024-04-24,3210,100674.34803877835,0,0.0,100674.34803877835,0.0
2024-04-25,3211,100674.34803877835,0,0.0,100674.34803877835,0.0
2024-04-26,3212,75505.76102908376,1,0.0,100674.34803877835,0.0
2024-04-29,3213,75505.76102908376,1,0.0,99257.87276599085,-0.014169791815973713
2024-04-30,3214,75505.76102908376,1,0.0,99941.33584875605,0.006862133333509688
2024-05-01,3215,75505.76102908376,1,0.0,99840.66464668688,-0.0010078106169758626
2024-05-02,3216,25879.18412738516,3,0.0,99253.1538033972,-0.005901866298128183
2024-05-03,3217,1010.4728417950355,4,0.0,99474.8451423605,0.0022311041433627143
2024-05-06,3218,1010.4728417950355,4,0.0,100759.32079847142,0.012829911113921186
2024-05-07,3219,1010.4728417950355,4,0.0,104127.75458448788,0.03288384405363798
2024-05-08,3220,1010.4728417950355,4,0.0,104735.90824284755,0.005823467508016676
2024-05-09,3221,1010.4728417950355,4,0.0,104843.0886831421,0.0010228167059729146
2024-05-10,3222,28152.37271069225,3,0.0,105068.9196968815,0.00215167395719501
2024-05-13,3223,28152.37271069225,3,0.0,106370.09244673469,0.01230793846733733
2024-05-14,3224,28152.37271069225,3,0.0,105787.48154888848,-0.005492260789069675
2024-05-15,3225,28152.37271069225,3,0.0,106122.14456111174,0.0031585473165599122
2024-05-16,3226,80231.0177834486,1,0.0,106447.4274833726,0.0030604867200066848
2024-05-17,3227,106530.73974898597,0,0.0,106530.73974898597,0.0007823550267663152
2024-05-20,3228,106530.73974898597,0,0.0,106530.73974898597,0.0
2024-05-21,3229,106530.73974898597,0,0.0,106530.73974898597,0.0
2024-05-22,3230,106530.73974898597,0,0.0,106530.73974898597,0.0
2024-05-23,3231,106530.73974898597,0,0.0,106530.73974898597,0.0
2024-05-24,3232,106530.73974898597,0,0.0,106530.73974898597,0.0
2024-05-28,3233,106530.73974898597,0,0.0,106530.73974898597,0.0
2024-05-29,3234,106530.73974898597,0,0.0,106530.73974898597,0.0
2024-05-30,3235,106530.73974898597,0,0.0,106530.73974898597,0.0
2024-05-31,3236,106530.73974898597,0,0.0,106530.73974898597,0.0
2024-06-03,3237,106530.73974898597,0,0.0,106530.73974898597,0.0
2024-06-04,3238,79898.05481173948,1,0.0,106530.73974898597,0.0
2024-06-05,3239,79898.05481173948,1,0.0,106097.22824611502,-0.004077658340391457
2024-06-06,3240,79898.05481173948,1,0.0,106549.58807519775,0.004254571211264143
2024-06-07,3241,79898.05481173948,1,0.0,106188.32848947195,-0.003396290974490608
2024-06-10,3242,79898.05481173948,1,0.0,106678.38497097825,0.004604358655336068
2024-06-11,3243,79898.05481173948,1,0.0,107209.27949261009,0.004964247126940527
2024-06-12,3244,79898.05481173948,1,0.0,107199.8553295042,-8.79082238710365e-05
2024-06-13,3245,79898.05481173948,1,0.0,105993.56245195022,-0.011316538415129359
2024-06-14,3246,79898.05481173948,1,0.0,106037.54187977771,0.00041483940383947013
2024-06-17,3247,79898.05481173948,1,0.0,105808.22057753438,-0.0021649844599712733
2024-06-18,3248,106518.17419817811,0,0.0,106518.17419817811,0.006687404712296384
2024-06-20,3249,106518.17419817811,0,0.0,106518.17419817811,0.0
2024-06-21,3250,106518.17419817811,0,0.0,106518.17419817811,0.0
2024-06-24,3251,106518.17419817811,0,0.0,106518.17419817811,0.0
2024-06-25,3252,106518.17419817811,0,0.0,106518.17419817811,0.0
2024-06-26,3253,106518.17419817811,0,0.0,106518.17419817811,0.0
2024-06-27,3254,106518.17419817811,0,0.0,106518.17419817811,0.0
2024-06-28,3255,106518.17419817811,0,0.0,106518.17419817811,0.0
2024-07-01,3256,106518.17419817811,0,0.0,106518.17419817811,0.0
2024-07-02,3257,106518.17419817811,0,0.0,106518.17419817811,0.0
2024-07-03,3258,106518.17419817811,0,0.0,106518.17419817811,0.0
2024-07-05,3259,106518.17419817811,0,0.0,106518.17419817811,0.0
2024-07-08,3260,106518.17419817811,0,0.0,106518.17419817811,0.0
2024-07-09,3261,106518.17419817811,0,0.0,106518.17419817811,0.0
2024-07-10,3262,106518.17419817811,0,0.0,106518.17419817811,0.0
2024-07-11,3263,106518.17419817811,0,0.0,106518.17419817811,0.0
2024-07-12,3264,106518.17419817811,0,0.0,106518.17419817811,0.0
2024-07-15,3265,106518.17419817811,0,0.0,106518.17419817811,0.0
2024-07-16,3266,106518.17419817811,0,0.0,106518.17419817811,0.0
2024-07-17,3267,106518.17419817811,0,0.0,106518.17419817811,0.0
2024-07-18,3268,79888.63064863358,1,0.0,106518.17419817811,0.0
2024-07-19,3269,79888.63064863358,1,0.0,105480.65951444003,-0.00978800636606416
2024-07-22,3270,79888.63064863358,1,0.0,105622.1387894848,0.0013403829543102489
2024-07-23,3271,53408.42633387127,2,0.0,105920.81725904925,0.0028238110463529188
2024-07-24,3272,26995.22942786494,3,0.0,105652.78762402532,-0.00253367879757358
2024-07-25,3273,723.4939906827931,4,0.0,105086.94174872857,-0.005370104980238244
2024-07-26,3274,723.4939906827931,4,0.0,106559.878170499,0.013919039301152543
2024-07-29,3275,723.4939906827931,4,0.0,109298.41969919717,0.025374873202610927
2024-07-30,3276,723.4939906827931,4,0.0,108848.56507082071,-0.004124331734620892
2024-07-31,3277,723.4939906827931,4,0.0,109588.79169679483,0.006777498779696316
2024-08-01,3278,27169.638479992587,3,0.0,109981.65372882095,0.0035784638546800464
2024-08-02,3279,27169.638479992587,3,0.0,108614.08363395809,-0.01251248495333326
2024-08-05,3280,27169.638479992587,3,0.0,107473.78101453261,-0.010554162364947698
2024-08-06,3281,53776.393154775076,2,0.0,105379.31066729428,-0.019680596920649995
2024-08-07,3282,26525.023483513072,3,0.0,105420.13133280017,0.00038729387164243833
2024-08-08,3283,26512.132728594363,3,0.0,106085.73992100553,0.006294017102969081
2024-08-09,3284,0.0,4,0.0,109509.02839844307,0.031759362650376655
2024-08-12,3285,0.0,4,0.0,109936.61941791893,0.0038970156380228166
2024-08-13,3286,0.0,4,0.0,109792.12128286951,-0.0013152412872224873
2024-08-14,3287,0.0,4,0.0,111211.86402752204,0.012848295684613308
2024-08-15,3288,0.0,4,0.0,110877.46614808518,-0.0030113840397270543
2024-08-16,3289,0.0,4,0.0,112521.23330014493,0.014716261300301764
2024-08-19,3290,0.0,4,0.0,112481.72510883807,-0.0003511793088612202
2024-08-20,3291,0.0,4,0.0,113538.78756942811,0.009353754269102472
2024-08-21,3292,56758.537070009865,2,0.0,113465.70361366149,-0.0006438987872954462
2024-08-22,3293,86058.34560437701,1,0.0,114726.79846156371,0.011053015987079003
2024-08-23,3294,114726.79846156371,0,0.0,114726.79846156371,0.0
2024-08-26,3295,114726.79846156371,0,0.0,114726.79846156371,0.0
2024-08-27,3296,114726.79846156371,0,0.0,114726.79846156371,0.0
2024-08-28,3297,114726.79846156371,0,0.0,114726.79846156371,0.0
2024-08-29,3298,114726.79846156371,0,0.0,114726.79846156371,0.0
2024-08-30,3299,114726.79846156371,0,0.0,114726.79846156371,0.0
2024-09-03,3300,114726.79846156371,0,0.0,114726.79846156371,0.0
2024-09-04,3301,114726.79846156371,0,0.0,114726.79846156371,0.0
2024-09-05,3302,114726.79846156371,0,0.0,114726.79846156371,0.0
2024-09-06,3303,114726.79846156371,0,0.0,114726.79846156371,0.0
2024-09-09,3304,114726.79846156371,0,0.0,114726.79846156371,0.0
2024-09-10,3305,114726.79846156371,0,0.0,114726.79846156371,0.0
2024-09-11,3306,114726.79846156371,0,0.0,114726.79846156371,0.0
2024-09-12,3307,114726.79846156371,0,0.0,114726.79846156371,0.0
2024-09-13,3308,114726.79846156371,0,0.0,114726.79846156371,0.0
2024-09-16,3309,114726.79846156371,0,0.0,114726.79846156371,0.0
2024-09-17,3310,114726.79846156371,0,0.0,114726.79846156371,0.0
2024-09-18,3311,114726.79846156371,0,0.0,114726.79846156371,0.0
2024-09-19,3312,114726.79846156371,0,0.0,114726.79846156371,0.0
2024-09-20,3313,114726.79846156371,0,0.0,114726.79846156371,0.0
2024-09-23,3314,114726.79846156371,0,0.0,114726.79846156371,0.0
2024-09-24,3315,114726.79846156371,0,0.0,114726.79846156371,0.0
2024-09-25,3316,114726.79846156371,0,0.0,114726.79846156371,0.0
2024-09-26,3317,114726.79846156371,0,0.0,114726.79846156371,0.0
2024-09-27,3318,114726.79846156371,0,0.0,114726.79846156371,0.0
2024-09-30,3319,114726.79846156371,0,0.0,114726.79846156371,0.0
2024-10-01,3320,114726.79846156371,0,0.0,114726.79846156371,0.0
2024-10-02,3321,114726.79846156371,0,0.0,114726.79846156371,0.0
2024-10-03,3322,114726.79846156371,0,0.0,114726.79846156371,0.0
2024-10-04,3323,114726.79846156371,0,0.0,114726.79846156371,0.0
2024-10-07,3324,114726.79846156371,0,0.0,114726.79846156371,0.0
2024-10-08,3325,114726.79846156371,0,0.0,114726.79846156371,0.0
2024-10-09,3326,114726.79846156371,0,0.0,114726.79846156371,0.0
2024-10-10,3327,114726.79846156371,0,0.0,114726.79846156371,0.0
2024-10-11,3328,114726.79846156371,0,0.0,114726.79846156371,0.0
2024-10-14,3329,114726.79846156371,0,0.0,114726.79846156371,0.0
2024-10-15,3330,114726.79846156371,0,0.0,114726.79846156371,0.0
2024-10-16,3331,114726.79846156371,0,0.0,114726.79846156371,0.0
2024-10-17,3332,114726.79846156371,0,0.0,114726.79846156371,0.0
2024-10-18,3333,114726.79846156371,0,0.0,114726.79846156371,0.0
2024-10-21,3334,114726.79846156371,0,0.0,114726.79846156371,0.0
2024-10-22,3335,114726.79846156371,0,0.0,114726.79846156371,0.0
2024-10-23,3336,114726.79846156371,0,0.0,114726.79846156371,0.0
2024-10-24,3337,57363.399230781855,2,0.0,114726.79846156371,0.0
2024-10-25,3338,57363.399230781855,2,0.0,115087.91345252816,0.0031426646724626423
2024-10-28,3339,57363.399230781855,2,0.0,116024.1758044948,0.008102280385834092
2024-10-29,3340,57363.399230781855,2,0.0,117419.25791122032,0.01195234916464197
2024-10-30,3341,57363.399230781855,2,0.0,117741.51295741263,0.00274072284013899
2024-10-31,3342,0.0,4,0.0,118561.90171372317,0.00694354801056856
2024-11-01,3343,0.0,4,0.0,115844.689851047,-0.023184788104153004
2024-11-04,3344,0.0,4,0.0,116097.11663605497,0.002176639808860492
2024-11-05,3345,0.0,4,0.0,118042.03786838215,0.016613760925122196
2024-11-06,3346,0.0,4,0.0,119528.93788446931,0.012517685940602964
2024-11-07,3347,61216.91513529616,2,0.0,118599.85972247287,-0.007803196300623653
2024-11-08,3348,61216.91513529616,2,0.0,118611.41156966642,9.73971189459276e-05
2024-11-11,3349,61216.91513529616,2,0.0,119383.91153836215,0.006491746741462345
2024-11-12,3350,61216.91513529616,2,0.0,120669.77595934406,0.010713242799696505
2024-11-13,3351,61216.91513529616,2,0.0,119873.88200004425,-0.006617483665722451
2024-11-14,3352,119116.51595541739,0,0.0,119116.51595541739,-0.0063380670224095015
2024-11-15,3353,119116.51595541739,0,0.0,119116.51595541739,0.0
2024-11-18,3354,119116.51595541739,0,0.0,119116.51595541739,0.0
2024-11-19,3355,119116.51595541739,0,0.0,119116.51595541739,0.0
2024-11-20,3356,119116.51595541739,0,0.0,119116.51595541739,0.0
2024-11-21,3357,119116.51595541739,0,0.0,119116.51595541739,0.0
2024-11-22,3358,119116.51595541739,0,0.0,119116.51595541739,0.0
2024-11-25,3359,119116.51595541739,0,0.0,119116.51595541739,0.0
2024-11-26,3360,119116.51595541739,0,0.0,119116.51595541739,0.0
2024-11-27,3361,119116.51595541739,0,0.0,119116.51595541739,0.0
2024-11-29,3362,119116.51595541739,0,0.0,119116.51595541739,0.0
2024-12-02,3363,119116.51595541739,0,0.0,119116.51595541739,0.0
2024-12-03,3364,119116.51595541739,0,0.0,119116.51595541739,0.0
2024-12-04,3365,119116.51595541739,0,0.0,119116.51595541739,0.0
2024-12-05,3366,119116.51595541739,0,0.0,119116.51595541739,0.0
2024-12-06,3367,119116.51595541739,0,0.0,119116.51595541739,0.0
2024-12-09,3368,119116.51595541739,0,0.0,119116.51595541739,0.0
2024-12-10,3369,119116.51595541739,0,0.0,119116.51595541739,0.0
2024-12-11,3370,119116.51595541739,0,0.0,119116.51595541739,0.0
2024-12-12,3371,119116.51595541739,0,0.0,119116.51595541739,0.0
2024-12-13,3372,119116.51595541739,0,0.0,119116.51595541739,0.0
2024-12-16,3373,119116.51595541739,0,0.0,119116.51595541739,0.0
2024-12-17,3374,119116.51595541739,0,0.0,119116.51595541739,0.0
2024-12-18,3375,119116.51595541739,0,0.0,119116.51595541739,0.0
2024-12-19,3376,119116.51595541739,0,0.0,119116.51595541739,0.0
2024-12-20,3377,119116.51595541739,0,0.0,119116.51595541739,0.0
2024-12-23,3378,119116.51595541739,0,0.0,119116.51595541739,0.0
2024-12-24,3379,119116.51595541739,0,0.0,119116.51595541739,0.0
2024-12-26,3380,119116.51595541739,0,0.0,119116.51595541739,0.0
2024-12-27,3381,119116.51595541739,0,0.0,119116.51595541739,0.0
2024-12-30,3382,119116.51595541739,0,0.0,119116.51595541739,0.0
2024-12-31,3383,119116.51595541739,0,0.0,119116.51595541739,0.0
2025-01-02,3384,119116.51595541739,0,0.0,119116.51595541739,0.0
2025-01-03,3385,119116.51595541739,0,0.0,119116.51595541739,0.0
2025-01-06,3386,119116.51595541739,0,0.0,119116.51595541739,0.0
2025-01-07,3387,119116.51595541739,0,0.0,119116.51595541739,0.0
2025-01-08,3388,119116.51595541739,0,0.0,119116.51595541739,0.0
2025-01-10,3389,119116.51595541739,0,0.0,119116.51595541739,0.0
2025-01-13,3390,119116.51595541739,0,0.0,119116.51595541739,0.0
2025-01-14,3391,119116.51595541739,0,0.0,119116.51595541739,0.0
2025-01-15,3392,119116.51595541739,0,0.0,119116.51595541739,0.0
2025-01-16,3393,119116.51595541739,0,0.0,119116.51595541739,0.0
2025-01-17,3394,89337.38696656303,1,0.0,119116.51595541739,0.0
2025-01-21,3395,89337.38696656303,1,0.0,120215.30808195616,0.009182229326862107
2025-01-22,3396,89337.38696656303,1,0.0,120711.93729168526,0.004122654640929793
2025-01-23,3397,89337.38696656303,1,0.0,120978.87549190149,0.002208923919632393
2025-01-24,3398,89337.38696656303,1,0.0,120916.79684068536,-0.0005132679884709562
2025-01-27,3399,89337.38696656303,1,0.0,120954.04403138874,0.00030799240506644034
2025-01-28,3400,89337.38696656303,1,0.0,121103.03279433376,0.0012310219037081286
2025-01-29,3401,89337.38696656303,1,0.0,120935.42043603705,-0.0013850062488261732
2025-01-30,3402,89337.38696656303,1,0.0,120687.10583117249,-0.002055393560532304
2025-01-31,3403,89337.38696656303,1,0.0,120916.79684068536,0.001901385500583988
2025-02-03,3404,120153.22943074003,0,0.0,120153.22943074003,-0.006334839509187026
2025-02-04,3405,120153.22943074003,0,0.0,120153.22943074003,0.0
2025-02-05,3406,60076.61471537002,2,0.0,120153.22943074003,0.0
2025-02-06,3407,30163.79873000057,3,0.0,119651.26394147781,-0.004186462191289725
2025-02-07,3408,30163.79873000057,3,0.0,119032.39579511271,-0.0051856883198300695
2025-02-10,3409,30163.79873000057,3,0.0,118938.65942660469,-0.0007877964256502174
2025-02-11,3410,30163.79873000057,3,0.0,117369.70872559329,-0.013279036777272556
2025-02-12,3411,30163.79873000057,3,0.0,116751.90611113858,-0.005277633582680108
2025-02-13,3412,30163.79873000057,3,0.0,116249.43524897535,-0.004313036467132161
2025-02-14,3413,30163.79873000057,3,0.0,118641.48393401304,0.020368019241784538
2025-02-18,3414,30163.79873000057,3,0.0,118790.68276166699,0.001256770296698034
2025-02-19,3415,30163.79873000057,3,0.0,118365.15364115481,-0.0035886072519554437
2025-02-20,3416,89945.06397353139,1,0.0,117895.32601900437,-0.003977205516077965
2025-02-21,3417,117353.38964041806,0,0.0,117353.38964041806,-0.0046073563950414335
2025-02-24,3418,117353.38964041806,0,0.0,117353.38964041806,0.0
2025-02-25,3419,117353.38964041806,0,0.0,117353.38964041806,0.0
2025-02-26,3420,88015.04223031354,1,0.0,117353.38964041806,0.0
2025-02-27,3421,88015.04223031354,1,0.0,117644.28417730509,0.0024757239570985345
2025-02-28,3422,88015.04223031354,1,0.0,116980.04905831705,-0.005662131326506389
2025-03-03,3423,88015.04223031354,1,0.0,117379.83459831688,0.003411726627867881
2025-03-04,3424,88015.04223031354,1,0.0,117669.17354944517,0.002461946974828972
2025-03-05,3425,88015.04223031354,1,0.0,116553.81856041838,-0.009523944764817051
2025-03-06,3426,88015.04223031354,1,0.0,116978.49347255829,0.00363697320136222
2025-03-07,3427,88015.04223031354,1,0.0,115332.68373979634,-0.014169247367728281
2025-03-10,3428,88015.04223031354,1,0.0,115163.12489209212,-0.0014712534626642047
2025-03-11,3429,88015.04223031354,1,0.0,113752.20860890204,-0.012327126612623229
2025-03-12,3430,114097.54864734548,0,0.0,114097.54864734548,0.0030312984050497515
2025-03-13,3431,114097.54864734548,0,0.0,114097.54864734548,0.0
2025-03-14,3432,114097.54864734548,0,0.0,114097.54864734548,0.0
2025-03-17,3433,114097.54864734548,0,0.0,114097.54864734548,0.0
2025-03-18,3434,114097.54864734548,0,0.0,114097.54864734548,0.0
2025-03-19,3435,114097.54864734548,0,0.0,114097.54864734548,0.0
2025-03-20,3436,114097.54864734548,0,0.0,114097.54864734548,0.0
2025-03-21,3437,114097.54864734548,0,0.0,114097.54864734548,0.0
2025-03-24,3438,114097.54864734548,0,0.0,114097.54864734548,0.0
2025-03-25,3439,114097.54864734548,0,0.0,114097.54864734548,0.0
2025-03-26,3440,114097.54864734548,0,0.0,114097.54864734548,0.0
2025-03-27,3441,114097.54864734548,0,0.0,114097.54864734548,0.0
2025-03-28,3442,114097.54864734548,0,0.0,114097.54864734548,0.0
2025-03-31,3443,114097.54864734548,0,0.0,114097.54864734548,0.0
2025-04-01,3444,114097.54864734548,0,0.0,114097.54864734548,0.0
2025-04-02,3445,114097.54864734548,0,0.0,114097.54864734548,0.0
2025-04-03,3446,114097.54864734548,0,0.0,114097.54864734548,0.0
2025-04-04,3447,114097.54864734548,0,0.0,114097.54864734548,0.0
2025-04-07,3448,114097.54864734548,0,0.0,114097.54864734548,0.0
2025-04-08,3449,114097.54864734548,0,0.0,114097.54864734548,0.0
2025-04-09,3450,114097.54864734548,0,0.0,114097.54864734548,0.0
2025-04-10,3451,114097.54864734548,0,0.0,114097.54864734548,0.0
2025-04-11,3452,114097.54864734548,0,0.0,114097.54864734548,0.0
2025-04-14,3453,114097.54864734548,0,0.0,114097.54864734548,0.0
2025-04-15,3454,114097.54864734548,0,0.0,114097.54864734548,0.0
2025-04-16,3455,114097.54864734548,0,0.0,114097.54864734548,0.0
2025-04-17,3456,114097.54864734548,0,0.0,114097.54864734548,0.0
2025-04-21,3457,114097.54864734548,0,0.0,114097.54864734548,0.0
2025-04-22,3458,114097.54864734548,0,0.0,114097.54864734548,0.0
2025-04-23,3459,114097.54864734548,0,0.0,114097.54864734548,0.0
2025-04-24,3460,114097.54864734548,0,0.0,114097.54864734548,0.0
2025-04-25,3461,57048.77432367273,2,0.0,114097.54864734548,0.0
2025-04-28,3462,57048.77432367273,2,0.0,115725.57458203606,0.01416787957943786
2025-04-29,3463,28217.241215651095,3,0.0,115326.13243208655,-0.0034576030885579735
2025-04-30,3464,28217.241215651095,3,0.0,116823.6384571615,0.012901385087786942
2025-05-01,3465,28217.241215651095,3,0.0,116786.35632377796,-0.0003191826936602243
2025-05-02,3466,28217.241215651095,3,0.0,118354.42248933091,0.013337451873406153
2025-05-05,3467,28217.241215651095,3,0.0,120334.88292101565,0.016594843893797666
2025-05-06,3468,28217.241215651095,3,0.0,120536.14823093385,0.0016711462212422937
2025-05-07,3469,28217.241215651095,3,0.0,120443.79298371018,-0.0007664974211534329
2025-05-08,3470,0.0,4,0.0,120818.4350186248,0.003105685785495965
2025-05-09,3471,63660.9051304669,2,0.0,122224.96483820929,0.011574439156421189
2025-05-12,3472,63660.9051304669,2,0.0,121946.94424671277,-0.002277253863370429
2025-05-13,3473,93509.55320947144,1,0.0,122717.07474482126,0.006295433589267278
2025-05-14,3474,93509.55320947144,1,0.0,122822.17912369684,0.0008561106514669634
2025-05-15,3475,93509.55320947144,1,0.0,122858.30875393795,0.00029411884365485475
2025-05-16,3476,93509.55320947144,1,0.0,123084.94007087743,0.0018429567159764337
2025-05-19,3477,93509.55320947144,1,0.0,123203.18249711036,0.0009601960020220151
2025-05-20,3478,93509.55320947144,1,0.0,122887.86936050036,-0.002562574354324274
2025-05-21,3479,93509.55320947144,1,0.0,122646.4577402713,-0.0019664191224955476
2025-05-22,3480,121943.57220655237,0,0.0,121943.57220655237,-0.005747474406588825
2025-05-23,3481,121943.57220655237,0,0.0,121943.57220655237,0.0
2025-05-27,3482,121943.57220655237,0,0.0,121943.57220655237,0.0
2025-05-28,3483,121943.57220655237,0,0.0,121943.57220655237,0.0
2025-05-29,3484,121943.57220655237,0,0.0,121943.57220655237,0.0
2025-05-30,3485,121943.57220655237,0,0.0,121943.57220655237,0.0
2025-06-02,3486,121943.57220655237,0,0.0,121943.57220655237,0.0
2025-06-03,3487,121943.57220655237,0,0.0,121943.57220655237,0.0
2025-06-04,3488,91457.67915491428,1,0.0,121943.57220655237,0.0
2025-06-05,3489,91457.67915491428,1,0.0,122811.42330253543,0.007091620183457833
2025-06-06,3490,91457.67915491428,1,0.0,123079.30906047045,0.0021789016718560305
2025-06-09,3491,91457.67915491428,1,0.0,123032.39819041733,-0.0003812160839094999
2025-06-10,3492,60650.19974409612,2,0.0,123229.91764327264,0.0016041390217776382
2025-06-11,3493,60650.19974409612,2,0.0,122173.41965594614,-0.008610351645418587
2025-06-12,3494,60650.19974409612,2,0.0,122630.68472291794,0.0037357674204813976
2025-06-13,3495,60650.19974409612,2,0.0,123080.44100587865,0.0036608581229277347
2025-06-16,3496,60650.19974409612,2,0.0,123342.45237741622,0.002126518901524776
2025-06-17,3497,60650.19974409612,2,0.0,123408.58638411337,0.0005360383373673827
2025-06-18,3498,91116.34085044869,1,0.0,122644.90980595633,-0.006207422712150283
2025-06-20,3499,91116.34085044869,1,0.0,122562.92546495907,-0.0006686926946002007
2025-06-23,3500,91116.34085044869,1,0.0,122187.7849955385,-0.0030654927414807236
2025-06-24,3501,91116.34085044869,1,0.0,122818.81598383478,0.005151145978140517
2025-06-25,3502,122489.63643285792,0,0.0,122489.63643285792,-0.002683802741555255
2025-06-26,3503,122489.63643285792,0,0.0,122489.63643285792,0.0
2025-06-27,3504,122489.63643285792,0,0.0,122489.63643285792,0.0
2025-06-30,3505,122489.63643285792,0,0.0,122489.63643285792,0.0
2025-07-01,3506,122489.63643285792,0,0.0,122489.63643285792,0.0
2025-07-02,3507,122489.63643285792,0,0.0,122489.63643285792,0.0
2025-07-03,3508,122489.63643285792,0,0.0,122489.63643285792,0.0
2025-07-07,3509,122489.63643285792,0,0.0,122489.63643285792,0.0
2025-07-08,3510,122489.63643285792,0,0.0,122489.63643285792,0.0
2025-07-09,3511,122489.63643285792,0,0.0,122489.63643285792,0.0
2025-07-10,3512,122489.63643285792,0,0.0,122489.63643285792,0.0
2025-07-11,3513,122489.63643285792,0,0.0,122489.63643285792,0.0
2025-07-14,3514,122489.63643285792,0,0.0,122489.63643285792,0.0
2025-07-15,3515,122489.63643285792,0,0.0,122489.63643285792,0.0
2025-07-16,3516,122489.63643285792,0,0.0,122489.63643285792,0.0
2025-07-17,3517,122489.63643285792,0,0.0,122489.63643285792,0.0
2025-07-18,3518,122489.63643285792,0,0.0,122489.63643285792,0.0
2025-07-21,3519,122489.63643285792,0,0.0,122489.63643285792,0.0
2025-07-22,3520,122489.63643285792,0,0.0,122489.63643285792,0.0
2025-07-23,3521,122489.63643285792,0,0.0,122489.63643285792,0.0
2025-07-24,3522,91867.22732464343,1,0.0,122489.63643285792,0.0
2025-07-25,3523,91867.22732464343,1,0.0,123112.38600564995,0.005071219701096693
2025-07-28,3524,91867.22732464343,1,0.0,123385.17544387585,0.0022133245293269152
2025-07-29,3525,91867.22732464343,1,0.0,123444.39946664858,0.0004798778584836016
2025-07-30,3526,91867.22732464343,1,0.0,123105.20733622294,-0.002751513975797598
2025-07-31,3527,91867.22732464343,1,0.0,122688.84450945709,-0.0033879031806216073
2025-08-01,3528,91867.22732464343,1,0.0,122319.14303396673,-0.003017875129601525
2025-08-04,3529,91867.22732464343,1,0.0,121725.10813888269,-0.004868265205575848
2025-08-05,3530,30796.491841819166,3,0.0,122141.47096564854,0.003414680542631331
2025-08-06,3531,93.27828388440685,4,0.0,122812.85423173904,0.005481715391305671
2025-08-07,3532,30570.31933620219,3,0.0,121344.82615133836,-0.012025390878710808
2025-08-08,3533,415.8448889149913,4,0.0,120617.89778914879,-0.006008616016571731
2025-08-11,3534,415.8448889149913,4,0.0,120861.45109765958,0.0020171778018992495
2025-08-12,3535,415.8448889149913,4,0.0,120669.28008327293,-0.0015912762239215228
2025-08-13,3536,415.8448889149913,4,0.0,123188.89565544226,0.020665333298564088
2025-08-14,3537,415.8448889149913,4,0.0,124543.96077785324,0.010939837827049706
2025-08-15,3538,415.8448889149913,4,0.0,123899.00375162525,-0.005192004340200441
2025-08-18,3539,415.8448889149913,4,0.0,123709.42485126865,-0.001531280162555881
2025-08-19,3540,56839.87362324202,2,0.0,124746.24763974341,0.00834618744445665
2025-08-20,3541,91477.77339129752,1,0.0,124892.45562785311,0.0011713568682525457
2025-08-21,3542,91477.77339129752,1,0.0,124158.17459423411,-0.005896657724393581
2025-08-22,3543,126454.02662601619,0,0.0,126454.02662601619,0.018322461948119165
2025-08-25,3544,126454.02662601619,0,0.0,126454.02662601619,0.0
2025-08-26,3545,126454.02662601619,0,0.0,126454.02662601619,0.0
2025-08-27,3546,126454.02662601619,0,0.0,126454.02662601619,0.0
2025-08-28,3547,94840.51996951214,1,0.0,126454.02662601619,0.0
2025-08-29,3548,94840.51996951214,1,0.0,126411.9398169148,-0.0003328784025944034
2025-09-02,3549,94840.51996951214,1,0.0,125374.49997256571,-0.00824067980905899
2025-09-03,3550,94840.51996951214,1,0.0,126357.22696508301,0.0078077721614783725
2025-09-04,3551,94840.51996951214,1,0.0,126610.79998991884,0.002004783867884795
2025-09-05,3552,94840.51996951214,1,0.0,126994.84212296897,0.003028658380084664
2025-09-08,3553,94840.51996951214,1,0.0,127121.10255027312,0.0009937230649303842
2025-09-09,3554,94840.51996951214,1,0.0,126681.29539516366,-0.003465748148126438
2025-09-10,3555,94840.51996951214,1,0.0,124924.17111518091,-0.013967525197019727
2025-09-11,3556,94840.51996951214,1,0.0,125563.89061352193,0.005107795435515637
2025-09-12,3557,124280.24293592974,0,0.0,124280.24293592974,-0.01027567831446832
2025-09-15,3558,124280.24293592974,0,0.0,124280.24293592974,0.0
2025-09-16,3559,124280.24293592974,0,0.0,124280.24293592974,0.0
2025-09-17,3560,124280.24293592974,0,0.0,124280.24293592974,0.0
2025-09-18,3561,124280.24293592974,0,0.0,124280.24293592974,0.0
2025-09-19,3562,124280.24293592974,0,0.0,124280.24293592974,0.0
2025-09-22,3563,124280.24293592974,0,0.0,124280.24293592974,0.0
2025-09-23,3564,124280.24293592974,0,0.0,124280.24293592974,0.0
2025-09-24,3565,124280.24293592974,0,0.0,124280.24293592974,0.0
2025-09-25,3566,124280.24293592974,0,0.0,124280.24293592974,0.0
2025-09-26,3567,124280.24293592974,0,0.0,124280.24293592974,0.0
2025-09-29,3568,124280.24293592974,0,0.0,124280.24293592974,0.0
2025-09-30,3569,124280.24293592974,0,0.0,124280.24293592974,0.0
2025-10-01,3570,124280.24293592974,0,0.0,124280.24293592974,0.0
2025-10-02,3571,124280.24293592974,0,0.0,124280.24293592974,0.0
2025-10-03,3572,124280.24293592974,0,0.0,124280.24293592974,0.0
2025-10-06,3573,124280.24293592974,0,0.0,124280.24293592974,0.0
2025-10-07,3574,124280.24293592974,0,0.0,124280.24293592974,0.0
2025-10-08,3575,124280.24293592974,0,0.0,124280.24293592974,0.0
2025-10-09,3576,124280.24293592974,0,0.0,124280.24293592974,0.0
2025-10-10,3577,124280.24293592974,0,0.0,124280.24293592974,0.0
2025-10-13,3578,124280.24293592974,0,0.0,124280.24293592974,0.0
2025-10-14,3579,124280.24293592974,0,0.0,124280.24293592974,0.0
2025-10-15,3580,124280.24293592974,0,0.0,124280.24293592974,0.0
2025-10-16,3581,124280.24293592974,0,0.0,124280.24293592974,0.0
2025-10-17,3582,93210.1822019473,1,0.0,124280.24293592974,0.0
2025-10-20,3583,93210.1822019473,1,0.0,124529.3015391578,0.002002002671878032
2025-10-21,3584,93210.1822019473,1,0.0,125359.49688261503,0.006644542717574463
2025-10-22,3585,61870.30798129355,2,0.0,125359.49688261503,0.0
2025-10-23,3586,61870.30798129355,2,0.0,125282.61784643377,-0.0006134566704829322
2025-10-24,3587,61870.30798129355,2,0.0,125203.58963575932,-0.0006309985215630955
2025-10-27,3588,61870.30798129355,2,0.0,125892.4511814091,0.005486850940533136
2025-10-28,3589,61870.30798129355,2,0.0,126239.53260265235,0.002753174232582317
2025-10-29,3590,61870.30798129355,2,0.0,125455.35005807508,-0.006231235801528614
2025-10-30,3591,61870.30798129355,2,0.0,124874.25425415038,-0.004642653826559244
2025-10-31,3592,94496.98498465597,1,0.0,125753.40983606767,0.007015659592652879
2025-11-03,3593,94496.98498465597,1,0.0,125898.67355288244,0.0011544806702395306
2025-11-04,3594,63067.131998428726,2,0.0,125719.41194490898,-0.0014248708549525575
2025-11-05,3595,94373.50692999702,1,0.0,126392.42744451003,0.005339036040034011
2025-11-06,3596,31557.08674569095,3,0.0,125632.84036861213,-0.0060278826998372975
2025-11-07,3597,974.9041959837159,4,0.0,122328.73019882894,-0.026651756884257423
2025-11-10,3598,974.9041959837159,4,0.0,123549.36735787676,0.009928881010286121
2025-11-11,3599,974.9041959837159,4,0.0,123834.99822488282,0.002309208128484837
2025-11-12,3600,974.9041959837159,4,0.0,125314.4834918482,0.011876425724697137
2025-11-13,3601,974.9041959837159,4,0.0,126579.2513121333,0.010042158849557963
2025-11-14,3602,974.9041959837159,4,0.0,126562.23822363021,-0.00013441564683773613
2025-11-17,3603,974.9041959837159,4,0.0,126159.4850746459,-0.0031873278220327437
2025-11-18,3604,32063.718086986708,3,0.0,131016.46267072653,0.0377761234274365
2025-11-19,3605,32063.718086986708,3,0.0,133772.6816204225,0.020818969059823885
2025-11-20,3606,101997.65395509,1,0.0,133168.91080316773,-0.004523625122350999
2025-11-21,3607,133481.1911541068,0,0.0,133481.1911541068,0.002342249197839642
2025-11-24,3608,133481.1911541068,0,0.0,133481.1911541068,0.0
2025-11-25,3609,133481.1911541068,0,0.0,133481.1911541068,0.0
2025-11-26,3610,133481.1911541068,0,0.0,133481.1911541068,0.0
2025-11-28,3611,133481.1911541068,0,0.0,133481.1911541068,0.0
2025-12-01,3612,133481.1911541068,0,0.0,133481.1911541068,0.0
2025-12-02,3613,133481.1911541068,0,0.0,133481.1911541068,0.0
2025-12-03,3614,133481.1911541068,0,0.0,133481.1911541068,0.0
2025-12-04,3615,133481.1911541068,0,0.0,133481.1911541068,0.0
2025-12-05,3616,133481.1911541068,0,0.0,133481.1911541068,0.0
2025-12-08,3617,133481.1911541068,0,0.0,133481.1911541068,0.0
2025-12-09,3618,133481.1911541068,0,0.0,133481.1911541068,0.0
2025-12-10,3619,133481.1911541068,0,0.0,133481.1911541068,0.0
2025-12-11,3620,133481.1911541068,0,0.0,133481.1911541068,0.0
2025-12-12,3621,133481.1911541068,0,0.0,133481.1911541068,0.0
2025-12-15,3622,133481.1911541068,0,0.0,133481.1911541068,0.0
2025-12-16,3623,133481.1911541068,0,0.0,133481.1911541068,0.0
2025-12-17,3624,133481.1911541068,0,0.0,133481.1911541068,0.0
2025-12-18,3625,133481.1911541068,0,0.0,133481.1911541068,0.0
2025-12-19,3626,133481.1911541068,0,0.0,133481.1911541068,0.0
2025-12-22,3627,133481.1911541068,0,0.0,133481.1911541068,0.0
2025-12-23,3628,133481.1911541068,0,0.0,133481.1911541068,0.0
2025-12-24,3629,133481.1911541068,0,0.0,133481.1911541068,0.0
2025-12-26,3630,133481.1911541068,0,0.0,133481.1911541068,0.0
2025-12-29,3631,133481.1911541068,0,0.0,133481.1911541068,0.0
2025-12-30,3632,133481.1911541068,0,0.0,133481.1911541068,0.0
2025-12-31,3633,133481.1911541068,0,0.0,133481.1911541068,0.0
2026-01-02,3634,133481.1911541068,0,0.0,133481.1911541068,0.0
2026-01-05,3635,133481.1911541068,0,0.0,133481.1911541068,0.0
2026-01-06,3636,133481.1911541068,0,0.0,133481.1911541068,0.0
2026-01-07,3637,133481.1911541068,0,0.0,133481.1911541068,0.0
2026-01-08,3638,133481.1911541068,0,0.0,133481.1911541068,0.0
2026-01-09,3639,133481.1911541068,0,0.0,133481.1911541068,0.0
2026-01-12,3640,133481.1911541068,0,0.0,133481.1911541068,0.0
2026-01-13,3641,133481.1911541068,0,0.0,133481.1911541068,0.0
2026-01-14,3642,133481.1911541068,0,0.0,133481.1911541068,0.0
2026-01-15,3643,133481.1911541068,0,0.0,133481.1911541068,0.0
2026-01-16,3644,133481.1911541068,0,0.0,133481.1911541068,0.0
2026-01-20,3645,133481.1911541068,0,0.0,133481.1911541068,0.0
2026-01-21,3646,133481.1911541068,0,0.0,133481.1911541068,0.0
2026-01-22,3647,133481.1911541068,0,0.0,133481.1911541068,0.0
2026-01-23,3648,133481.1911541068,0,0.0,133481.1911541068,0.0
2026-01-26,3649,133481.1911541068,0,0.0,133481.1911541068,0.0
2026-01-27,3650,133481.1911541068,0,0.0,133481.1911541068,0.0
2026-01-28,3651,133481.1911541068,0,0.0,133481.1911541068,0.0
2026-01-29,3652,133481.1911541068,0,0.0,133481.1911541068,0.0
2026-01-30,3653,133481.1911541068,0,0.0,133481.1911541068,0.0
2026-02-02,3654,133481.1911541068,0,0.0,133481.1911541068,0.0
2026-02-03,3655,66740.5955770534,2,0.0,133481.1911541068,0.0
2026-02-04,3656,0.0,4,0.0,133760.38672701723,0.0020894628500650486
2026-02-05,3657,0.0,4,0.0,135252.94782489055,0.011096672334195033
2026-02-06,3658,0.0,4,0.0,140251.72340594113,0.03629211955951578
2026-02-09,3659,0.0,4,0.0,145128.58131850103,0.03418128476146018
2026-02-10,3660,0.0,4,0.0,146039.52965890284,0.006257218962080999
2026-02-11,3661,0.0,4,0.0,145896.18721721694,-0.000982013812760665
2026-02-12,3662,0.0,4,0.0,146655.71061752617,0.005192412781449287
2026-02-13,3663,0.0,4,0.0,147302.50817360645,0.004400615859845805
2026-02-17,3664,0.0,4,0.0,146734.69275638668,-0.0038622060150776665
2026-02-18,3665,69504.67489644923,2,0.0,149467.82856621765,0.018455031172576596
2026-02-19,3666,150929.54372815642,0,0.0,150929.54372815642,0.009731953961222319
2026-02-20,3667,150929.54372815642,0,0.0,150929.54372815642,0.0
2026-02-23,3668,150929.54372815642,0,0.0,150929.54372815642,0.0
2026-02-24,3669,150929.54372815642,0,0.0,150929.54372815642,0.0
2026-02-25,3670,150929.54372815642,0,0.0,150929.54372815642,0.0
2026-02-26,3671,150929.54372815642,0,0.0,150929.54372815642,0.0
2026-02-27,3672,150929.54372815642,0,0.0,150929.54372815642,0.0
2026-03-02,3673,150929.54372815642,0,0.0,150929.54372815642,0.0
2026-03-03,3674,150929.54372815642,0,0.0,150929.54372815642,0.0
2026-03-04,3675,150929.54372815642,0,0.0,150929.54372815642,0.0
2026-03-05,3676,150929.54372815642,0,0.0,150929.54372815642,0.0
2026-03-06,3677,150929.54372815642,0,0.0,150929.54372815642,0.0
2026-03-09,3678,150929.54372815642,0,0.0,150929.54372815642,0.0
2026-03-10,3679,150929.54372815642,0,0.0,150929.54372815642,0.0
2026-03-11,3680,150929.54372815642,0,0.0,150929.54372815642,0.0
2026-03-12,3681,150929.54372815642,0,0.0,150929.54372815642,0.0
2026-03-13,3682,150929.54372815642,0,0.0,150929.54372815642,0.0
2026-03-16,3683,150929.54372815642,0,0.0,150929.54372815642,0.0
2026-03-17,3684,150929.54372815642,0,0.0,150929.54372815642,0.0
2026-03-18,3685,150929.54372815642,0,0.0,150929.54372815642,0.0
2026-03-19,3686,113197.15779611732,1,0.0,150929.54372815642,0.0
2026-03-20,3687,113197.15779611732,1,0.0,153660.1090028553,0.01792994871863635
2026-03-23,3688,113197.15779611732,1,0.0,152326.65715163184,-0.008715803688525177
2026-03-24,3689,113197.15779611732,1,0.0,152856.59672605354,0.0034729304464279236
2026-03-25,3690,113197.15779611732,1,0.0,152958.1111250499,0.0006638948364404937
2026-03-26,3691,113197.15779611732,1,0.0,153398.5803817121,0.0028755341233426524
2026-03-27,3692,113197.15779611732,1,0.0,152218.26042050013,-0.007724219821241751
2026-03-30,3693,113197.15779611732,1,0.0,151345.9248223449,-0.005747305128699584
2026-03-31,3694,113197.15779611732,1,0.0,151019.01404591592,-0.002162359862445572
2026-04-01,3695,113197.15779611732,1,0.0,152509.03895321852,0.009818116393903079
2026-04-02,3696,153697.9618295997,0,0.0,153697.9618295997,0.007765523636009311
2026-04-06,3697,153697.9618295997,0,0.0,153697.9618295997,0.0
2026-04-07,3698,153697.9618295997,0,0.0,153697.9618295997,0.0
2026-04-08,3699,153697.9618295997,0,0.0,153697.9618295997,0.0
2026-04-09,3700,153697.9618295997,0,0.0,153697.9618295997,0.0
2026-04-10,3701,153697.9618295997,0,0.0,153697.9618295997,0.0
2026-04-13,3702,153697.9618295997,0,0.0,153697.9618295997,0.0
2026-04-14,3703,153697.9618295997,0,0.0,153697.9618295997,0.0
2026-04-15,3704,153697.9618295997,0,0.0,153697.9618295997,0.0
2026-04-16,3705,153697.9618295997,0,0.0,153697.9618295997,0.0
2026-04-17,3706,153697.9618295997,0,0.0,153697.9618295997,0.0
2026-04-20,3707,153697.9618295997,0,0.0,153697.9618295997,0.0
2026-04-21,3708,153697.9618295997,0,0.0,153697.9618295997,0.0
2026-04-22,3709,153697.9618295997,0,0.0,153697.9618295997,0.0
2026-04-23,3710,115273.47137219977,1,0.0,153697.9618295997,0.0
2026-04-24,3711,115273.47137219977,1,0.0,153847.9172422473,0.0009751743381096249
2026-04-27,3712,115273.47137219977,1,0.0,153032.6666889234,-0.005313157715827612
2026-04-28,3713,76708.00170642044,2,0.0,154261.87866311727,0.008000262608021691
2026-04-29,3714,76708.00170642044,2,0.0,152041.97840508833,-0.01449501254663647
2026-04-30,3715,76708.00170642044,2,0.0,150651.5380670681,-0.009187181371710606
2026-05-01,3716,38622.09239181251,3,0.0,152343.63725843173,0.011169265521418864
2026-05-04,3717,38622.09239181251,3,0.0,151525.01271505922,-0.005388028833448178
2026-05-05,3718,769.0857578426512,4,0.0,151412.02653587947,-0.0007459383949756479
2026-05-06,3719,769.0857578426512,4,0.0,153310.41840785902,0.012459971124546596
2026-05-07,3720,41303.54716574725,3,0.0,154564.05892715932,0.0081438868132217
2026-05-08,3721,41303.54716574725,3,0.0,153064.62419055286,-0.009748418748689406
2026-05-11,3722,41303.54716574725,3,0.0,153179.74621443442,0.0007518311546562173
2026-05-12,3723,77864.61663363958,2,0.0,153869.4967421965,0.004492775695127886
2026-05-13,3724,77864.61663363958,2,0.0,154516.05061747835,0.004193159038468725
2026-05-14,3725,77864.61663363958,2,0.0,154993.38348439278,0.003084450377018685
2026-05-15,3726,116701.23621344403,1,0.0,154560.7929437479,-0.002794928029976734
2026-05-18,3727,116701.23621344403,1,0.0,154252.93841671117,-0.001993788473473854
2026-05-19,3728,154816.24670024484,0,0.0,154816.24670024484,0.0036451961852154383
2026-05-20,3729,154816.24670024484,0,0.0,154816.24670024484,0.0
2026-05-21,3730,154816.24670024484,0,0.0,154816.24670024484,0.0
2026-05-22,3731,154816.24670024484,0,0.0,154816.24670024484,0.0
2026-05-26,3732,154816.24670024484,0,0.0,154816.24670024484,0.0
2026-05-27,3733,154816.24670024484,0,0.0,154816.24670024484,0.0
2026-05-28,3734,154816.24670024484,0,0.0,154816.24670024484,0.0
2026-05-29,3735,116112.18502518363,1,0.0,154816.24670024484,0.0
2026-06-01,3736,116112.18502518363,1,0.0,160479.59733452287,0.035927906586219756
2026-06-02,3737,116112.18502518363,1,0.0,166425.48563946557,0.036380860471860704
2026-06-03,3738,116112.18502518363,1,0.0,164816.6405593751,-0.009714088904635767
2026-06-04,3739,116112.18502518363,1,0.0,160976.28776193334,-0.023576513490092214
2026-06-05,3740,116112.18502518363,1,0.0,160555.18066043317,-0.002619384935108063
2026-06-08,3741,116112.18502518363,1,0.0,158841.95860646662,-0.01072795134573356
2026-06-09,3742,116112.18502518363,1,0.0,158168.9070852655,-0.004246242670732723
2026-06-10,3743,116112.18502518363,1,0.0,159288.2601499369,0.007052023511067649
2026-06-11,3744,116112.18502518363,1,0.0,157474.26032809,-0.011453499293460475
2026-06-12,3745,157967.35154950473,0,0.0,157967.35154950473,0.0031263574904212056
