gamma,min_child_weight,max_depth,n_estimators,auc_train,auc_val,ap_train,ap_val,train_s,a_n,a_avg_pnl_pct,a_hit_pct,a_sharpe,a_recall_pct,b_n,b_avg_pnl_pct,b_hit_pct,b_sharpe,b_recall_pct,c_n,c_avg_pnl_pct,c_hit_pct,c_sharpe,c_recall_pct
10,50,3,300,0.682818638885639,0.6377823523590777,0.2251117856423557,0.2026904910229531,0.3712427616119385,156,1.7544001817240715,58.333333333333336,1.6906387100157985,11.659192825112108,78,2.496009701157284,58.97435897435898,2.385089426312574,8.520179372197308,23,2.6597178145542655,60.86956521739131,1.9060969710014386,2.4663677130044843
10,50,2,300,0.6765551702024059,0.6400668218725749,0.22415892736969917,0.20476002546584304,0.3748633861541748,137,1.7034113697370106,59.12408759124088,1.6129723388219648,9.865470852017937,65,2.381347447347977,58.46153846153847,2.2575384569076777,6.950672645739911,17,2.741383851150951,52.94117647058824,1.6879735503438718,2.0179372197309418
5,50,2,200,0.6930534727660131,0.6444619354905912,0.23868676681615103,0.2089682551566369,0.23202776908874512,195,1.5641340684721914,54.871794871794876,1.3292046330071752,13.901345291479823,88,2.255271150420126,55.68181818181818,1.867285322915353,9.192825112107624,32,1.3494352124859275,53.125,1.0518646774023641,3.3632286995515694
10,50,3,500,0.6834427677752636,0.6398900668218725,0.22571708862830986,0.20374216024958577,0.604745626449585,169,1.2089098034306844,55.02958579881657,1.1389229192570605,12.10762331838565,81,2.171823466737424,56.79012345679012,2.0215512374931217,8.520179372197308,25,1.9361035406818339,56.00000000000001,1.3968579127500813,2.690582959641256
10,50,2,500,0.6776592441953889,0.6417201163523486,0.22463820781158034,0.20592001986994013,0.635596513748169,155,1.3012459980945608,56.774193548387096,1.2212018760029841,10.31390134529148,73,2.1673196417542138,57.534246575342465,2.033961491172847,7.399103139013453,22,2.0067017360498562,54.54545454545454,1.364949509138574,2.242152466367713
10,50,2,200,0.6750073791028661,0.6396169591100139,0.22270449079768923,0.204839353823637,0.31342506408691406,124,1.494444271785677,58.06451612903226,1.394039841362779,9.192825112107624,57,2.082403370575132,57.89473684210527,1.9426054612294896,6.278026905829597,19,2.4958708785728536,52.63157894736842,1.6255328281543937,2.0179372197309418
10,50,3,200,0.6816593733296892,0.6370160882902871,0.22434962680711545,0.20259460954356653,0.2551078796386719,141,1.4534971372002647,56.73758865248227,1.4307048217811882,10.089686098654708,69,1.9392222971992883,56.52173913043478,1.928030726209376,7.174887892376682,18,0.5935322006772535,50.0,0.530751497590598,1.7937219730941705
5,100,2,500,0.6912203786062331,0.6480725561579768,0.2328785272945855,0.20655031431937398,0.5860629081726074,237,1.0323226944019637,55.69620253164557,0.9859034139000121,15.022421524663676,114,1.8622882244158812,59.64912280701754,1.7144755820724606,10.31390134529148,35,1.5255313181503714,54.285714285714285,1.2299584161723376,3.587443946188341
5,100,3,300,0.6960952287788895,0.6470006328026124,0.23682137901454142,0.2048437391600711,0.34215307235717773,253,1.0528431731791366,56.916996047430835,1.0173851929208397,16.367713004484305,123,1.855600870412532,60.97560975609756,1.747834344917724,11.434977578475337,45,0.5320211043841243,46.666666666666664,0.4566043470200602,4.260089686098654
5,100,4,500,0.7049080075888248,0.6455582725269917,0.24435855119008018,0.20358542767499316,0.5517129898071289,270,1.0259825109941845,55.925925925925924,1.0001512455920822,17.040358744394617,131,1.8416628623427485,59.541984732824424,1.7315053392669741,11.883408071748878,47,0.9898063295588821,51.06382978723404,0.8578207069888609,4.708520179372197
5,100,3,200,0.6921018961867029,0.6471155398613564,0.23282304697659711,0.20662127589819687,0.24748516082763672,238,1.0061665146233332,55.46218487394958,0.9693797121128355,15.919282511210762,117,1.7853241667257054,58.97435897435898,1.6648557641754018,10.986547085201794,32,1.4166979991095598,53.125,1.1007015490699923,3.3632286995515694
3,100,2,200,0.6904726376069181,0.6476161830804728,0.2345253986653461,0.20636922969372404,0.5489187240600586,233,0.881252494799655,54.506437768240346,0.838033637956542,15.022421524663676,112,1.7598555944111522,57.14285714285714,1.6167963438627833,10.538116591928251,32,1.6262126537973436,53.125,1.2612174300980674,2.914798206278027
5,100,3,500,0.701177707244774,0.6469609198814602,0.24175220904822808,0.20496137380913043,0.6204283237457275,265,0.9602482514014669,56.60377358490566,0.9479703292231372,17.26457399103139,129,1.756133169286489,59.68992248062015,1.6786394644125953,12.10762331838565,46,1.2089595378381854,52.17391304347826,1.0652343875235322,4.708520179372197
10,100,3,300,0.6723804245508578,0.638446078967516,0.2145378671488569,0.20019762476227868,0.32703375816345215,151,1.2630831142869958,56.29139072847682,1.241387349669732,10.538116591928251,77,1.750886824230156,57.14285714285714,1.6445382646428026,7.847533632286996,18,0.33024641097883967,50.0,0.302045681275304,1.7937219730941705
5,50,3,300,0.7141837098051285,0.6416953771555653,0.25364124268400434,0.20582272992546025,0.3519282341003418,222,1.4563956552128707,55.85585585585585,1.3272913742444328,14.573991031390134,98,1.7157789779928698,55.10204081632652,1.5506710357262878,9.192825112107624,42,1.928006036848335,54.761904761904766,1.6649978312137994,4.708520179372197
3,50,4,200,0.7529098606174852,0.6437653317916907,0.2958511316930825,0.20510697641297482,0.5452454090118408,270,1.2131854728411586,55.925925925925924,1.1772087445726878,17.48878923766816,127,1.6990955090966047,56.69291338582677,1.7010841611132412,11.210762331838566,50,1.6913781748576304,52.0,1.5000984627558096,4.932735426008969
3,100,2,500,0.7146746386060098,0.6464488836111935,0.25728887297116065,0.20360505451980254,0.7221634387969971,282,1.1523490255266353,56.02836879432624,1.0974190477234127,17.040358744394617,135,1.6957122768334494,58.51851851851851,1.6284371412464602,11.659192825112108,51,1.7055764263118975,54.90196078431373,1.4226396362060558,4.708520179372197
20,20,3,500,0.6671433550935957,0.6384340348848716,0.2155016544614198,0.2042739991610522,0.5218565464019775,93,1.596431153048094,58.06451612903226,1.4851299507152977,7.623318385650224,46,1.6701536803013193,54.347826086956516,1.4352220331047212,5.15695067264574,7,1.4189355885304027,57.14285714285714,1.2778950116910348,0.8968609865470852
5,50,3,200,0.7095626983437313,0.6413845096170373,0.2489482652006228,0.20802194214964978,0.24666047096252441,211,1.5624772529886504,55.92417061611374,1.3999445559246935,14.573991031390134,96,1.6488282412544335,54.166666666666664,1.4821148221400013,9.192825112107624,38,1.502007899545294,52.63157894736842,1.267394573070124,4.260089686098654
5,100,2,200,0.680999835669321,0.6472984797112544,0.22337633663772524,0.20711782437157794,0.2694845199584961,203,0.6057134431555361,52.70935960591133,0.5668906870144763,13.901345291479823,96,1.6136053122269567,57.291666666666664,1.4276310937747727,9.641255605381167,25,2.22441518764288,60.0,1.6117763655782928,2.690582959641256
3,50,2,200,0.7003873361487201,0.6482620063228178,0.2445802730397013,0.21003237388346493,0.22862625122070312,229,1.2087781444527392,54.58515283842795,1.097997489737547,15.022421524663676,107,1.5939280395352775,54.20560747663551,1.4347181240487297,9.865470852017937,38,1.6963490056506638,55.26315789473685,1.4205320127211853,4.260089686098654
10,20,3,200,0.6887995959455714,0.6394223006932184,0.23625809415195645,0.20607555660536858,0.26477527618408203,162,1.5897875954697267,58.0246913580247,1.4781085355692134,12.331838565022421,77,1.5932924976582248,53.246753246753244,1.534806565004256,7.847533632286996,20,0.9654826238977449,55.00000000000001,0.8911422679627511,2.0179372197309418
3,100,2,300,0.7016843530492929,0.646243157658995,0.24446849090806572,0.20524130267223317,0.613990306854248,253,0.9579352610379085,54.1501976284585,0.8929506662372588,15.919282511210762,120,1.5699102686439714,55.833333333333336,1.4579313592162015,10.538116591928251,40,1.3458163180363845,52.5,1.1282557467504997,4.0358744394618835
20,20,4,500,0.6669779927966363,0.6368722103300469,0.2193517715755332,0.20283602991236188,0.552471399307251,92,1.2466263857760875,55.434782608695656,1.1678756767355125,7.174887892376682,44,1.5511607582535412,52.27272727272727,1.3328861765219526,4.708520179372197,9,3.0478906589708075,66.66666666666666,2.8677382643061184,0.8968609865470852
3,100,3,200,0.7090652764177953,0.6469312979484696,0.2499751131417749,0.20663861545301931,0.2971923351287842,257,1.0651212430268506,56.03112840466926,1.0181325913636272,16.143497757847534,126,1.544789808439369,57.14285714285714,1.4192947511166,11.210762331838566,48,1.1553162529869654,50.0,0.9484333093247512,4.484304932735426
10,50,4,300,0.6855938126707933,0.6381687395509444,0.22797582787020432,0.2035974892143979,0.3572380542755127,167,1.2624149946932102,56.886227544910184,1.184146770936752,12.10762331838565,85,1.5360587848349976,55.294117647058826,1.3530557046231464,8.74439461883408,24,2.175914419519867,58.333333333333336,1.554224926241855,2.690582959641256
10,20,3,300,0.6916590893313221,0.6403493695411009,0.23816627148421426,0.20570344268109783,0.35500574111938477,173,1.6230774121926417,58.95953757225434,1.5213193848825204,12.780269058295964,82,1.5325219204439842,53.65853658536586,1.4956503092424116,8.071748878923767,21,0.7643637531103319,52.38095238095239,0.718592998809371,2.242152466367713
10,100,3,200,0.6717755019610452,0.6385909334749977,0.21403326523615654,0.2007534328684078,0.2301008701324463,134,1.3264359810047663,56.71641791044776,1.3009687962407122,9.641255605381167,69,1.50883078407242,55.072463768115945,1.3999339640551085,6.950672645739911,15,-0.20503033642374166,40.0,-0.17287409558418254,1.5695067264573992
5,100,4,300,0.699268303694746,0.6461747993520934,0.23881002054789505,0.2051844142442806,0.3648371696472168,254,0.8639867138660258,55.51181102362205,0.8340554738859707,16.367713004484305,123,1.4922999047871657,58.536585365853654,1.3933250732555567,11.434977578475337,48,0.9280969786734835,50.0,0.8119414068891408,4.708520179372197
20,50,2,500,0.6623931183069232,0.6363438982724229,0.21151053819112636,0.2009731260876009,0.5290887355804443,77,1.4375723899750363,58.44155844155844,1.2909286582224684,5.605381165919283,36,1.481870637479814,55.55555555555556,1.2023729261496634,3.3632286995515694,5,3.3052651030660773,60.0,3.5704592113964786,0.672645739910314
10,100,3,500,0.6725499436615205,0.6383161981844033,0.2149275919341337,0.20010626062475473,0.5416054725646973,169,1.076340246911141,55.62130177514793,1.050178623734626,11.883408071748878,87,1.4792951810652053,56.32183908045977,1.3897944361908503,8.520179372197308,19,0.4095292046720527,52.63157894736842,0.3850258728671675,2.0179372197309418
5,100,2,300,0.6852051657603802,0.6477737327020933,0.22671593077640634,0.20599577901230598,0.3826754093170166,236,0.6789513981359981,52.96610169491526,0.6442546404221153,14.798206278026907,112,1.4680552210851654,56.25,1.3356067087513048,10.31390134529148,31,1.685943216458959,54.83870967741935,1.2858982534342176,3.1390134529147984
10,100,2,500,0.6692938234967141,0.6419352822612148,0.21368751449518653,0.20241860219309654,0.5274052619934082,159,0.9125252897673878,54.71698113207547,0.8537083544154033,11.434977578475337,77,1.4587291815648122,54.54545454545454,1.2992787409919135,7.847533632286996,18,0.8646247977012689,50.0,0.7569421143900089,1.7937219730941705
5,100,4,200,0.6951237783822384,0.6458961578725332,0.23556033566273465,0.20512539856258644,0.2579054832458496,239,0.8846534038304663,55.23012552301255,0.8464445861499397,15.695067264573993,116,1.4527198783765793,57.758620689655174,1.3352912525633274,10.762331838565023,39,0.8793917815462821,51.28205128205128,0.7176799189858464,4.0358744394618835
3,100,3,500,0.7377200441192676,0.6453297604724926,0.28142299463837606,0.2036801854185391,0.9110708236694336,304,1.1883575267151707,58.223684210526315,1.1359883353791325,18.609865470852018,149,1.4328743960646075,59.73154362416108,1.3503311758004084,12.556053811659194,68,1.620053561649455,57.35294117647059,1.492228789106468,6.278026905829597
10,50,4,500,0.6860508194445186,0.6405655119972083,0.2289594251601096,0.2049058987360725,0.5442724227905273,190,0.9080462741155984,55.78947368421052,0.856459509633183,13.228699551569505,95,1.3939413093728172,55.78947368421052,1.249321412165093,9.641255605381167,28,1.6913496009707703,57.14285714285714,1.2637644681959546,3.1390134529147984
10,100,4,200,0.6720791010699214,0.6388337682223715,0.21433712441012104,0.20043864501576186,0.2569553852081299,134,1.273101788013281,57.46268656716418,1.2722855334761718,9.641255605381167,69,1.3804516601342829,55.072463768115945,1.3132887713577452,7.174887892376682,17,0.04981303027975185,47.05882352941176,0.04471106599602045,1.5695067264573992
10,100,2,300,0.6685113715858906,0.6416224616282036,0.21263015546409908,0.20239869522307874,0.33495163917541504,146,0.7668592666969613,54.109589041095894,0.7136306418015961,10.31390134529148,71,1.376502875211698,53.52112676056338,1.221435514109498,6.950672645739911,15,-0.5867626837810883,40.0,-0.5112236760970914,1.345291479820628
5,50,2,300,0.6967208747538074,0.6460387337697849,0.24178382211221416,0.20888265885918017,0.33083200454711914,227,1.1598964128019846,53.30396475770925,1.008024003171594,14.798206278026907,104,1.3758965909276852,52.88461538461539,1.1973644249288646,9.641255605381167,35,1.6643427093132872,54.285714285714285,1.3351116292952647,3.811659192825112
20,20,4,200,0.6649481630160335,0.6353071306177507,0.2178234484341149,0.20073802799369378,0.2264118194580078,79,1.3703232259231428,54.43037974683544,1.254857264026391,5.605381165919283,37,1.372024162437638,48.64864864864865,1.0994615209075829,3.587443946188341,7,1.375913399108117,57.14285714285714,1.2455956418812664,0.672645739910314
3,100,3,300,0.7206717374534619,0.6458538408254038,0.2615166298410776,0.2056313007397184,0.6617410182952881,287,1.0352298476958228,56.09756097560976,1.0066379374160794,17.937219730941703,141,1.3691004217001745,56.73758865248227,1.2649613190361713,12.556053811659194,60,1.7099139705125646,55.00000000000001,1.4965418562429076,5.15695067264574
10,100,4,500,0.673574674093669,0.6386879371676485,0.215248507346921,0.19994297678736866,0.5715842247009277,177,0.9879086264938839,55.367231638418076,0.9367510540229609,12.331838565022421,87,1.3276881553763458,55.172413793103445,1.2477983890812723,8.74439461883408,22,2.4630921140917024,59.09090909090909,1.7425204529454157,2.690582959641256
10,100,4,300,0.67261839454995,0.6385147627901647,0.21473218223475138,0.19999782411354036,0.3591117858886719,156,1.1815187239513074,55.769230769230774,1.147624664598027,10.986547085201794,81,1.3198667617732796,55.55555555555556,1.25261167693291,8.295964125560538,19,0.4095292046720527,52.63157894736842,0.3850258728671675,2.0179372197309418
10,20,2,300,0.6846606535069429,0.641742902454649,0.2337037799659203,0.2032373072002134,0.35976719856262207,152,1.5060010056645363,59.210526315789465,1.4049892117727132,11.210762331838566,73,1.307430560193116,54.794520547945204,1.2377446353274328,7.174887892376682,18,3.3387794453220114,61.111111111111114,2.210331542364622,1.5695067264573992
20,50,4,300,0.6640643091242121,0.6361323130367754,0.2099470995477245,0.20171494768237558,0.3537442684173584,88,1.485761258585308,56.81818181818182,1.4718171352546516,6.950672645739911,43,1.297858411572842,53.48837209302325,1.1427013803755837,4.708520179372197,5,-0.6803752930805772,40.0,-0.5635285733736735,0.4484304932735426
20,20,3,300,0.6668772583331675,0.6380144450867955,0.21497073889713283,0.20364062418035472,0.3253438472747803,87,1.4179414360985965,56.32183908045977,1.3086963843837316,6.726457399103139,42,1.2967502243025315,50.0,1.0833954520850868,4.484304932735426,6,0.29850230093817154,50.0,0.26418059805967403,0.672645739910314
20,20,2,200,0.6621444680273667,0.6366062639646255,0.21287551898896784,0.2003237580877088,0.22284507751464844,67,1.046427141116183,55.223880597014926,0.8966867137498569,4.708520179372197,32,1.278676491022188,50.0,0.9799085721325115,2.690582959641256,5,0.24237444319920226,40.0,0.1844740049093109,0.672645739910314
3,100,4,300,0.7303685522054537,0.6454443420154894,0.2717631566733098,0.20263709071935873,0.38332319259643555,298,1.00450547863047,57.04697986577181,0.9755766798271234,18.609865470852018,150,1.2760245296404964,57.99999999999999,1.2149511851426584,13.228699551569505,62,2.188501360907429,58.06451612903226,1.8729192819202214,5.381165919282512
10,20,2,200,0.6817729423347385,0.6407207830085988,0.23067141272255592,0.20272480437238732,0.26696181297302246,136,1.4323596846787447,58.08823529411765,1.3304825152702382,9.641255605381167,61,1.271283463091554,52.459016393442624,1.1898627540278455,6.278026905829597,16,1.8658067870685782,62.5,1.677312993277673,1.345291479820628
20,20,2,500,0.6643556501839194,0.6375528637573371,0.2146952923964071,0.2011272842723091,0.550992488861084,79,1.326748267502743,55.69620253164557,1.1965497316964453,5.829596412556054,37,1.259774284592122,48.64864864864865,1.0280199741846574,3.587443946188341,6,1.5087087006873001,50.0,1.2056059534271206,0.672645739910314
20,50,4,200,0.6622925052102778,0.6355971651484611,0.20914213568069584,0.2023460483384221,0.2420365810394287,81,1.5019119783019694,56.79012345679012,1.4451732937925013,6.502242152466367,38,1.2460381288394418,50.0,1.0340567479304885,4.260089686098654,4,-1.7324157745219448,25.0,-1.2906604908163966,0.4484304932735426
3,100,4,200,0.7182603303799121,0.6477268584345036,0.2587219030092365,0.20444045600240987,0.31783390045166016,282,0.9259862692696921,56.02836879432624,0.8837041245361867,18.161434977578477,144,1.242522762743037,56.94444444444444,1.135110151857085,13.004484304932735,50,1.5367977746811055,52.0,1.2645187185588724,4.932735426008969
20,100,3,500,0.657798837888392,0.6346603308281642,0.20468516851805876,0.19927043121176108,0.5530068874359131,69,1.648103378172757,57.971014492753625,1.544585368901034,5.15695067264574,34,1.2279600322504514,50.0,0.9949972773911376,3.587443946188341,0,,,,
20,100,4,500,0.657798837888392,0.6346603308281642,0.20468516851805876,0.19927043121176108,0.577308177947998,69,1.648103378172757,57.971014492753625,1.544585368901034,5.15695067264574,34,1.2279600322504514,50.0,0.9949972773911376,3.587443946188341,0,,,,
10,100,2,200,0.6676022430530845,0.6412982479440424,0.21143703484842635,0.2018917661541258,0.2346820831298828,122,0.7973619498840595,53.278688524590166,0.7486741536163081,9.192825112107624,59,1.224788342787808,52.54237288135594,1.1257716906379587,6.278026905829597,13,-0.8098680866438193,38.46153846153847,-0.6565840006899515,1.345291479820628
20,20,4,300,0.6667022777154491,0.6362888861111545,0.21889761726559948,0.20164493232441313,0.32552456855773926,85,1.0662422768789035,52.94117647058824,0.9921191786717595,6.502242152466367,40,1.199435401742853,47.5,0.9956427158718069,4.260089686098654,8,2.4111850770816847,62.5,2.1912902965466365,0.672645739910314
10,50,4,200,0.6839271124259724,0.6371466201048943,0.226844286900023,0.20399618735579775,0.2636585235595703,152,1.1994390575262808,56.57894736842105,1.14391900161185,11.210762331838566,77,1.1970565479959632,53.246753246753244,1.105065182847336,7.847533632286996,23,2.0203341115165387,56.52173913043478,1.4154154114080715,2.4663677130044843
5,50,4,200,0.7183501721709757,0.6430172966047406,0.2576841665829957,0.2101854100954941,0.28305768966674805,241,0.8890052527698332,53.941908713692946,0.7936802739243416,15.919282511210762,115,1.1829817263962543,55.65217391304348,1.0468801121756899,10.538116591928251,40,1.198092087951018,52.5,1.0318984972876084,4.484304932735426
5,50,2,500,0.7047897356193664,0.646532215642464,0.2474855716698245,0.20947574305917877,0.5631012916564941,251,1.045760430896635,53.78486055776892,0.9007074480798509,16.143497757847534,117,1.1705233217895543,52.991452991452995,0.9712261999056374,10.762331838565023,39,2.085011411046977,58.97435897435898,1.749690850888972,4.708520179372197
20,50,4,500,0.664319088428353,0.6362371291073576,0.21067754614361933,0.20331353108335232,0.633190393447876,95,1.414344066329206,56.84210526315789,1.4016432941745813,7.623318385650224,45,1.168191048535511,53.333333333333336,1.0301323789260144,4.932735426008969,5,-0.6803752930805772,40.0,-0.5635285733736735,0.4484304932735426
10,20,3,500,0.6923057924501098,0.6412858783456509,0.23898063277992573,0.20548727196393393,0.5743966102600098,186,1.36706081068967,57.52688172043011,1.2611488516188056,13.67713004484305,86,1.1626828933598925,52.32558139534884,1.1007443587669723,8.295964125560538,25,0.3596728574780487,48.0,0.33695249895044593,2.242152466367713
20,20,2,300,0.6639141176801848,0.6371794971953564,0.21431972043583256,0.20002537077541294,0.32058072090148926,70,1.0632506831139357,54.285714285714285,0.9162964147562264,5.15695067264574,33,1.141201031820366,48.484848484848484,0.8853357293669879,2.914798206278027,5,0.18214337800800187,40.0,0.13954485693779733,0.4484304932735426
10,20,4,300,0.6973582629688947,0.6390967849460686,0.24463706518805683,0.20455067643528674,0.3406698703765869,188,1.0522906142916066,55.85106382978723,0.9612872815669928,12.780269058295964,93,1.1003042837718597,53.76344086021505,0.9787830823312269,8.74439461883408,28,2.1548050721575858,53.57142857142857,1.5760889421592403,2.4663677130044843
5,50,4,500,0.729896465603914,0.6439248345077941,0.26968863394424625,0.21018523937616485,0.6445567607879639,263,0.9232232368146562,55.13307984790875,0.8393234107160495,17.48878923766816,124,1.0829878361328484,56.451612903225815,0.9864467858395228,11.659192825112108,49,1.6190733049237576,55.10204081632652,1.4858423689829736,4.932735426008969
3,50,2,300,0.7135978418065985,0.6465146377921178,0.25809576968673126,0.2113634047356569,0.7657425403594971,257,1.0583385933598237,54.08560311284047,0.9520718172292746,16.81614349775785,117,1.0688552807559402,52.13675213675214,0.9855389151791609,10.762331838565023,44,1.7074764170278738,50.0,1.4450784292288887,4.708520179372197
20,50,3,300,0.6640221038113552,0.6360613506038968,0.20980483105467088,0.20091118161099591,0.34087252616882324,89,0.9868078961244969,53.93258426966292,0.9350445942505069,7.174887892376682,45,1.0591170951168218,48.888888888888886,0.9314629825939849,5.15695067264574,5,-0.6803752930805772,40.0,-0.5635285733736735,0.4484304932735426
20,50,3,500,0.6643571976109184,0.636578920641865,0.2102189656346175,0.20181951831136047,0.5366413593292236,94,1.08204448502847,55.319148936170215,1.0389873668266785,7.623318385650224,46,1.0466262354769023,50.0,0.9308280260685805,5.15695067264574,6,0.739750587120817,50.0,0.6254592154138474,0.4484304932735426
20,50,2,200,0.6592535709760465,0.6357491810023801,0.20970704224838796,0.2002298806046301,0.22251582145690918,68,1.5213512918738576,57.35294117647059,1.4072053921916687,4.932735426008969,32,0.9917859260762203,50.0,0.78017972450114,3.1390134529147984,3,-0.8776889805368506,33.33333333333333,-1.3668088300569428,0.4484304932735426
20,50,2,300,0.6614651779164811,0.6361824424618365,0.21111697875576388,0.19997759299692464,0.32361626625061035,70,1.0547445778512636,55.714285714285715,0.9291688283118655,4.932735426008969,32,0.9917859260762203,50.0,0.78017972450114,3.1390134529147984,3,-0.8776889805368506,33.33333333333333,-1.3668088300569428,0.4484304932735426
10,20,4,200,0.6947442339835844,0.6383516794008426,0.243411114866855,0.2043384674664302,0.24977803230285645,182,1.1177938239208007,55.494505494505496,1.0249285699216002,13.228699551569505,90,0.9803978487852631,52.22222222222223,0.8624024119145508,8.74439461883408,28,2.051581448318544,50.0,1.4987195272875555,2.690582959641256
5,50,4,300,0.7232678344906065,0.643809601933303,0.26289974448997544,0.2100474352512018,0.3742032051086426,242,0.958544751239041,54.132231404958674,0.8493612941961894,15.246636771300448,114,0.9303404709203797,53.50877192982456,0.826339320837083,10.089686098654708,44,1.6250978615599456,54.54545454545454,1.44078719941352,4.708520179372197
5,50,3,500,0.7215926992515551,0.6435713244063895,0.2593422251170927,0.20749776089821104,0.6098487377166748,252,1.1249824259075094,54.761904761904766,1.0057288472902057,16.367713004484305,117,0.9267766104617218,52.13675213675214,0.8284752424321268,10.089686098654708,42,1.7689318289454625,54.761904761904766,1.5485849096517885,4.260089686098654
3,50,4,300,0.7730093595666913,0.6434131237532746,0.3221993468354815,0.20540726196795572,0.5724198818206787,309,0.8445937167985581,54.36893203883495,0.7502893315321038,19.506726457399104,145,0.9221232899034133,55.172413793103445,0.8265826319591194,12.10762331838565,55,1.906160370135109,58.18181818181818,1.7355818413832897,5.381165919282512
3,100,4,500,0.7467594754720077,0.6443297760972485,0.29242004262015475,0.20008984863615467,0.6673054695129395,321,0.9848320808657721,57.009345794392516,0.9403318159165822,19.282511210762333,159,0.9060174082423471,56.60377358490566,0.8479656956613302,13.004484304932735,70,1.4576286292518144,57.14285714285714,1.3326585459588147,6.278026905829597
10,20,2,500,0.6854832474946246,0.6423180887798627,0.23413559484136032,0.20324531618089012,0.5566961765289307,181,1.0961890779434182,55.80110497237569,0.9568140423049343,12.780269058295964,82,0.8182694949452516,51.21951219512195,0.7498266294707094,7.623318385650224,23,2.493992008649254,56.52173913043478,1.6644446993512716,2.4663677130044843
3,50,2,500,0.7301190826998389,0.646653958531898,0.2740151854505571,0.20754818312173676,0.9389100074768066,278,1.129815155080076,55.39568345323741,1.0274319675658252,17.48878923766816,133,0.8143758523586314,54.13533834586466,0.7559241256799855,11.434977578475337,52,1.4001971313341983,50.0,1.1487346657761581,5.15695067264574
3,50,4,500,0.7980924230206649,0.6399431258886581,0.3605003949405681,0.2004117988281333,1.0156304836273193,346,0.9942173261499438,56.936416184971094,0.894507397030538,19.730941704035875,158,0.7630340978703126,56.32911392405063,0.6778348608984152,12.331838565022421,67,1.6953552926154518,58.2089552238806,1.608602092566408,5.829596412556054
5,20,2,200,0.7015909005952313,0.6401006755102785,0.2517344637147379,0.20420353602499208,0.2371525764465332,216,0.9067444573984578,55.092592592592595,0.7950448908961851,14.798206278026907,97,0.7149604970054715,51.546391752577314,0.6124541927881029,9.192825112107624,31,1.8787526003483677,51.61290322580645,1.3803993048465315,3.1390134529147984
5,20,3,500,0.7405997147394181,0.6441409769639016,0.2863031143194899,0.20467221147222486,0.5831882953643799,283,1.2292465595701856,56.8904593639576,1.086784371858024,17.040358744394617,135,0.6871991989236529,53.333333333333336,0.6004021487202309,10.538116591928251,53,1.6038847162533207,52.83018867924528,1.445869937259336,5.15695067264574
10,20,4,500,0.697612708514271,0.6396309562871414,0.2448459733394508,0.2045024706233598,0.6629502773284912,205,0.9689684649331756,55.60975609756098,0.8607599621625298,14.125560538116591,98,0.6788056877401123,52.04081632653062,0.5871737058189161,8.968609865470851,31,1.7559521666676194,51.61290322580645,1.32548599238966,2.914798206278027
3,20,3,300,0.7731674095125375,0.6430218538252006,0.32682202848406516,0.2017320620366375,0.5307097434997559,309,1.190440932299031,56.957928802588995,1.052701001490668,18.161434977578477,145,0.6240350876732677,52.41379310344828,0.5647456818853366,11.434977578475337,59,1.3873535223581075,50.847457627118644,1.1567836419680269,5.605381165919283
3,20,4,300,0.8112312919109983,0.6416175788919964,0.3777897298142311,0.19811842670716892,0.6481678485870361,325,0.9774645484261383,56.00000000000001,0.8988349606211326,17.713004484304935,143,0.598928123517453,52.44755244755245,0.5486958461690203,11.434977578475337,67,0.23223844231200697,49.25373134328358,0.18131062154277713,5.381165919282512
5,20,2,300,0.7059288239409167,0.6409157669411416,0.2564218650843334,0.20392762229663802,0.3592414855957031,230,0.9098475461259967,54.78260869565217,0.7980366210233368,15.695067264573993,101,0.575034759321956,50.495049504950494,0.5016028907362851,9.641255605381167,37,2.1956316892879006,54.054054054054056,1.7075942794715242,4.0358744394618835
3,20,4,500,0.8393120248792278,0.6385668453097086,0.4335248193434048,0.1969014405497276,0.6316564083099365,369,0.889070492836822,56.36856368563685,0.7731248858689854,20.85201793721973,157,0.566370746477754,54.77707006369427,0.48899253300580414,12.556053811659194,83,0.52944891671771,54.21686746987952,0.4426302628237721,7.174887892376682
5,20,3,300,0.7325486341134955,0.6414554720499159,0.2777617541006625,0.204225667208679,0.3529655933380127,258,1.109932587948182,57.36434108527132,0.9893453789023027,16.143497757847534,120,0.5514175239137704,51.66666666666667,0.4694709843456554,9.865470852017937,46,1.6856394648466457,52.17391304347826,1.4177247919477654,4.932735426008969
20,50,3,200,0.6619722788465879,0.6359858309505579,0.20904556507233468,0.2014542663814316,0.2319507598876953,77,0.9643728760980383,54.54545454545454,0.9106797724875678,5.605381165919283,36,0.49834292712946354,47.22222222222222,0.41034940149947363,3.587443946188341,4,0.5756684844872937,50.0,0.43624715819376336,0.2242152466367713
5,20,4,500,0.759424164183097,0.64225331114618,0.30722657887480087,0.19934701397245436,0.6269822120666504,296,1.0546855794710424,56.08108108108109,0.9197199190004899,17.26457399103139,133,0.4581048917981517,51.8796992481203,0.41376665298182125,10.538116591928251,56,0.3898153059862208,50.0,0.29363376299109895,4.932735426008969
3,50,3,200,0.7306172328267158,0.6433597391707422,0.2703045549867301,0.2059008744213595,0.3932194709777832,261,0.7290396847404106,52.490421455938694,0.6600859703603478,16.81614349775785,124,0.4565025064857519,50.806451612903224,0.4107149073512937,10.762331838565023,53,1.9081243419694038,52.83018867924528,1.643639203398707,5.381165919282512
3,20,2,200,0.7074655099761101,0.6412738342630063,0.25775113482763057,0.20458130234004107,1.8462135791778564,233,0.8109058913444446,55.36480686695279,0.7160843718688226,15.246636771300448,100,0.4540671580140623,51.0,0.39452583103002814,8.968609865470851,39,1.8287808750514605,53.84615384615385,1.470496730908228,3.811659192825112
3,50,3,500,0.7713053693653632,0.6442392827195409,0.3209940969698765,0.20470971223759687,1.0457310676574707,319,1.0382549189393138,55.79937304075236,0.9044628451758508,18.609865470852018,149,0.4158445369045285,53.02013422818792,0.37857513459647135,11.210762331838566,59,1.3509918934977887,52.54237288135594,1.1222626480310351,5.829596412556054
5,20,3,200,0.7261927749359063,0.6420101508830591,0.27133470562594103,0.20442809170313364,0.24801969528198242,249,0.9407785273547902,55.42168674698795,0.8209361423298905,15.695067264573993,117,0.30485773361413293,50.427350427350426,0.2613568334536679,9.641255605381167,45,1.2906739307804171,48.888888888888886,1.0993456507757917,4.484304932735426
3,20,3,200,0.7492572046987408,0.6439586881454977,0.2989963236213437,0.2026579590219921,0.3846778869628906,277,0.9889898933419593,54.51263537906137,0.8583788582705328,16.367713004484305,123,0.2435814569257308,49.59349593495935,0.2124951250042098,9.641255605381167,52,1.403762497138766,50.0,1.1183236915877965,5.15695067264574
5,20,4,300,0.7496826560983674,0.6396280266454171,0.29516772668057106,0.19871950957851064,0.3674025535583496,271,0.7223927577625948,54.24354243542435,0.6410079604996923,15.246636771300448,122,0.241106951114736,50.0,0.21302911290729698,9.417040358744394,50,1.434086230691975,54.0,1.156199884955369,4.932735426008969
3,20,4,200,0.7897412932654522,0.6454944714405505,0.34414954622416233,0.20060840370025734,0.36704087257385254,292,0.9922606102858281,54.45205479452054,0.8683334702599426,18.161434977578477,135,0.2365501116407947,50.37037037037037,0.21790210216902167,10.986547085201794,60,0.5910789791139687,51.66666666666667,0.45117125081127263,4.932735426008969
3,20,3,500,0.7996709806099507,0.6403506716040896,0.3674835002431194,0.20065711735587224,0.8216757774353027,350,0.8711890788629507,55.42857142857143,0.7636235558000077,18.83408071748879,154,0.14574655161057812,51.298701298701296,0.12586170327142357,11.210762331838566,72,1.3354972626999033,54.166666666666664,1.162098584562824,6.950672645739911
20,20,3,200,0.6653753438928942,0.637887493945407,0.21364055908626112,0.20334355339836138,0.24066400527954102,80,1.1705152308726585,56.25,1.3031165480167013,6.053811659192825,38,0.13060792845160082,47.368421052631575,0.13748974395684643,4.0358744394618835,3,-0.3226544344211766,33.33333333333333,-0.4269203159918527,0.672645739910314
3,50,3,300,0.7487016784060749,0.644913425831888,0.29060203586548017,0.2061386562330253,0.5172574520111084,288,0.6712708686488786,52.083333333333336,0.5941123904942693,17.26457399103139,139,0.08846230679179835,49.64028776978417,0.07910399430089969,10.986547085201794,53,1.9913383625699252,54.71698113207547,1.7225527997940417,5.381165919282512
3,20,2,300,0.7224154752894719,0.6432477617537226,0.27309531293405503,0.20460364564266464,0.5650606155395508,263,0.7630555215224464,54.372623574144484,0.6695428989570018,15.919282511210762,116,-0.008078146211495055,47.41379310344828,-0.006777219733689423,9.641255605381167,44,1.763444521951303,54.54545454545454,1.4706250441644195,4.708520179372197
5,20,4,200,0.7440566363136333,0.6394646177403478,0.287942414969504,0.20048720963143432,0.29153919219970703,258,0.6952363639910406,54.263565891472865,0.6195034438287569,14.798206278026907,114,-0.0501594913415285,48.24561403508772,-0.04463475421572058,8.968609865470851,47,1.851548094423205,55.319148936170215,1.5224434249927397,4.708520179372197
5,20,2,500,0.7158335400614892,0.6440172809799847,0.2645363021788628,0.20465698792520276,0.5598208904266357,261,0.6752836098791879,54.406130268199234,0.5632388801536939,16.591928251121075,118,-0.08686808806789555,48.30508474576271,-0.06705241759908465,10.089686098654708,44,2.0898044674858984,52.27272727272727,1.7609004490878253,4.708520179372197
3,20,2,500,0.7467673946572382,0.6465729051108576,0.29709550918303224,0.20501133712096936,0.7188913822174072,304,0.8794445167995614,55.92105263157895,0.7345449535450321,18.161434977578477,136,-0.40820844216045427,49.26470588235294,-0.32136319607836783,10.986547085201794,59,0.7552792318181071,49.152542372881356,0.6555940053340458,5.381165919282512
