month,theme,companies_available,companies_with_sell,companies_with_buy,seller_count,buyer_count,sell_transaction_count,sell_insider_count,sell_dollars,buy_dollars,net_dollars,baseline_companies,unusual_seller_companies,median_company_sell_percentile,cluster_warning_candidate,insider_coverage_ok,insider_source_companies,news_companies_available,negative_days,positive_days,negative_company_days,positive_company_days,operational_days,raw_articles,raw_company_days,raw_text_articles,negative_categories,positive_categories,negative_companies,positive_companies,negative_company_day_rate,text_coverage_rate,baseline_news_companies,unusual_negative_companies,median_negative_percentile,news_coverage_ok,news_warning_candidate,news_cache_symbols_present,news_source_companies,source_provenance_available
2015-01-31,AI/hyperscale,7,3,1,16,1,3,16,580226133.4275999,999654.1604,-579226479.2671999,0,0,,False,False,7,7,0,0,0,0,0,0,0,0,0,0,0,0,,,0,0,,False,False,7,7,False
2015-01-31,clean_energy,6,2,0,10,1,2,10,8337715.302,5950.0,-8331765.302,0,0,,False,False,6,6,0,0,0,0,0,0,0,0,0,0,0,0,,,0,0,,False,False,6,6,False
2015-01-31,crypto,5,0,0,0,0,0,0,0.0,0.0,0.0,0,0,,False,False,5,5,0,0,0,0,0,0,0,0,0,0,0,0,,,0,0,,False,False,5,5,False
2015-02-28,AI/hyperscale,7,3,1,17,2,3,17,525831569.6276,43476900.5204,-482354669.1072,0,0,,False,False,7,7,0,0,0,0,0,0,0,0,0,0,0,0,,,0,0,,False,False,7,7,False
2015-02-28,clean_energy,6,2,1,5,1,2,5,2008558.8,99977.36600000001,-1908581.4340000001,0,0,,False,False,6,6,0,0,0,0,0,0,0,0,0,0,0,0,,,0,0,,False,False,6,6,False
2015-02-28,crypto,5,0,0,0,0,0,0,0.0,0.0,0.0,0,0,,False,False,5,5,0,0,0,0,0,0,0,0,0,0,0,0,,,0,0,,False,False,5,5,False
2015-03-31,AI/hyperscale,7,4,1,21,2,4,21,571995491.5988,43476900.5204,-528518591.07839996,0,0,,False,False,7,7,0,0,0,0,0,0,0,0,0,0,0,0,,,0,0,,False,False,7,7,False
2015-03-31,clean_energy,6,3,1,11,2,3,11,8822744.176,99977.36600000001,-8722766.81,0,0,,False,False,6,6,0,0,0,0,0,0,0,0,0,0,0,0,,,0,0,,False,False,6,6,False
2015-03-31,crypto,5,0,0,0,0,0,0,0.0,0.0,0.0,0,0,,False,False,5,5,0,0,0,0,0,0,0,0,0,0,0,0,,,0,0,,False,False,5,5,False
2015-04-30,AI/hyperscale,7,4,1,21,1,4,21,530312505.645,42477246.36,-487835259.28499997,0,0,,False,False,7,7,0,0,0,0,0,0,0,0,0,0,0,0,,,0,0,,False,False,7,7,False
2015-04-30,clean_energy,6,3,1,11,2,4,11,8135095.981500001,99977.36600000001,-8035118.6155,0,0,,False,False,6,6,0,0,0,0,0,1,1,1,0,0,0,0,0.0,1.0,0,0,,False,False,6,6,False
2015-04-30,crypto,5,0,0,1,0,1,1,41632.0,0.0,-41632.0,0,0,,False,False,5,5,0,0,0,0,0,0,0,0,0,0,0,0,,,0,0,,False,False,5,5,False
2015-05-31,AI/hyperscale,7,4,0,21,0,4,21,621915116.6775,0.0,-621915116.6775,0,0,,False,False,7,7,0,0,0,0,0,0,0,0,0,0,0,0,,,0,0,,False,False,7,7,False
2015-05-31,clean_energy,6,3,1,13,2,4,13,8851011.581500001,221200.0,-8629811.581500001,0,0,,False,False,6,6,0,0,0,0,0,1,1,1,0,0,0,0,0.0,1.0,0,0,,False,False,6,6,False
2015-05-31,crypto,5,1,0,3,0,2,3,5187657.9975000005,0.0,-5187657.9975000005,0,0,,False,False,5,5,0,0,0,0,0,0,0,0,0,0,0,0,,,0,0,,False,False,5,5,False
2015-06-30,AI/hyperscale,7,4,0,13,0,4,13,440038835.8492,0.0,-440038835.8492,0,0,,False,False,7,7,0,0,0,0,0,0,0,0,0,0,0,0,,,0,0,,False,False,7,7,False
2015-06-30,clean_energy,6,2,1,6,1,3,6,1154681.2055000002,221200.0,-933481.2055000002,0,0,,False,False,6,6,0,0,0,0,0,1,1,1,0,0,0,0,0.0,1.0,0,0,,False,False,6,6,False
2015-06-30,crypto,5,1,0,3,0,2,3,5751720.4975000005,0.0,-5751720.4975000005,0,0,,False,False,5,5,0,0,0,0,0,0,0,0,0,0,0,0,,,0,0,,False,False,5,5,False
2015-07-31,AI/hyperscale,7,4,0,11,0,4,11,829355791.4957999,0.0,-829355791.4957999,0,0,,False,False,7,7,0,0,0,0,0,0,0,0,0,0,0,0,,,0,0,,False,False,7,7,False
2015-07-31,clean_energy,6,3,1,7,1,3,7,6644757.989999999,221200.0,-6423557.989999999,0,0,,False,False,6,6,0,0,0,0,0,1,1,1,0,0,0,0,0.0,1.0,0,0,,False,False,6,6,False
2015-07-31,crypto,5,1,0,2,0,1,2,5710088.4975000005,0.0,-5710088.4975000005,0,0,,False,False,5,5,0,0,0,0,0,0,0,0,0,0,0,0,,,0,0,,False,False,5,5,False
2015-08-31,AI/hyperscale,7,5,0,13,0,5,13,590403017.9635,0.0,-590403017.9635,0,0,,False,False,7,7,0,0,0,0,0,0,0,0,0,0,0,0,,,0,0,,False,False,7,7,False
2015-08-31,clean_energy,6,4,0,9,1,4,9,23980560.255999997,25200.0,-23955360.255999997,0,0,,False,False,6,6,0,0,0,0,0,1,1,1,0,0,0,0,0.0,1.0,0,0,,False,False,6,6,False
2015-08-31,crypto,5,1,0,1,0,1,1,564062.5,0.0,-564062.5,0,0,,False,False,5,5,0,0,0,0,0,0,0,0,0,0,0,0,,,0,0,,False,False,5,5,False
2015-09-30,AI/hyperscale,7,5,0,15,0,5,15,689328866.1975,0.0,-689328866.1975,0,0,,False,False,7,7,0,0,0,0,0,0,0,0,0,0,0,0,,,0,0,,False,False,7,7,False
2015-09-30,clean_energy,6,4,1,9,2,4,9,24412217.836,404400.0,-24007817.836,0,0,,False,False,6,6,0,0,0,0,0,1,1,1,0,0,0,0,0.0,1.0,0,0,,False,False,6,6,False
2015-09-30,crypto,5,0,0,0,0,0,0,0.0,0.0,0.0,0,0,,False,False,5,5,0,0,0,0,0,0,0,0,0,0,0,0,,,0,0,,False,False,5,5,False
2015-10-31,AI/hyperscale,7,5,0,19,0,5,19,848723839.2894999,0.0,-848723839.2894999,0,0,,False,False,7,7,0,0,0,0,0,0,0,0,0,0,0,0,,,0,0,,False,False,7,7,False
2015-10-31,clean_energy,6,4,1,7,2,4,7,18898283.246,404400.0,-18493883.246,0,0,,False,False,6,6,0,0,0,0,0,1,1,1,0,0,0,0,0.0,1.0,0,0,,False,False,6,6,False
2015-10-31,crypto,5,0,0,0,0,0,0,0.0,0.0,0.0,0,0,,False,False,5,5,0,0,0,0,0,0,0,0,0,0,0,0,,,0,0,,False,False,5,5,False
2015-11-30,AI/hyperscale,7,6,0,22,0,6,22,1728915260.8435001,0.0,-1728915260.8435001,0,0,,False,False,7,7,0,0,0,0,0,0,0,0,0,0,0,0,,,0,0,,False,False,7,7,False
2015-11-30,clean_energy,6,3,1,12,1,3,12,27640484.5668,379200.0,-27261284.5668,0,0,,False,False,6,6,0,0,0,0,0,1,1,1,0,0,0,0,0.0,1.0,0,0,,False,False,6,6,False
2015-11-30,crypto,5,0,0,0,0,0,0,0.0,0.0,0.0,0,0,,False,False,5,5,0,0,0,0,0,0,0,0,0,0,0,0,,,0,0,,False,False,5,5,False
2015-12-31,AI/hyperscale,7,6,0,21,0,6,21,1566146706.239,0.0,-1566146706.239,0,0,,False,False,7,7,0,0,0,0,0,0,0,0,0,0,0,0,,,0,0,,False,False,7,7,False
2015-12-31,clean_energy,6,4,1,16,1,4,16,34859118.754300006,96573.8,-34762544.95430001,0,0,,False,False,6,6,0,0,0,0,0,1,1,1,0,0,0,0,0.0,1.0,0,0,,False,False,6,6,False
2015-12-31,crypto,5,0,0,0,0,0,0,0.0,0.0,0.0,0,0,,False,False,5,5,0,0,0,0,0,0,0,0,0,0,0,0,,,0,0,,False,False,5,5,False
2016-01-31,AI/hyperscale,7,5,0,15,0,5,15,1071750981.9808,0.0,-1071750981.9808,4,1,0.7916666666666667,False,True,7,7,0,0,0,0,0,0,0,0,0,0,0,0,,,0,0,,False,False,7,7,False
2016-01-31,clean_energy,6,4,1,17,1,4,17,35805514.56430001,96573.8,-35708940.76430001,4,1,0.4583333333333333,False,True,6,6,0,0,0,0,0,1,1,1,0,0,0,0,0.0,1.0,0,0,,False,False,6,6,False
2016-01-31,crypto,5,0,0,0,0,0,0,0.0,0.0,0.0,1,0,0.0,False,False,5,5,0,0,0,0,0,0,0,0,0,0,0,0,,,0,0,,False,False,5,5,False
2016-02-29,AI/hyperscale,7,5,0,23,0,5,23,494431040.9895,0.0,-494431040.9895,4,1,0.38461538461538464,False,True,7,7,0,0,0,0,0,0,0,0,0,0,0,0,,,0,0,,False,False,7,7,False
2016-02-29,clean_energy,6,4,2,15,3,4,15,19923150.329500005,816073.8,-19107076.529500004,4,0,0.5,False,True,6,6,0,0,0,0,0,1,1,1,0,0,0,0,0.0,1.0,0,0,,False,False,6,6,False
2016-02-29,crypto,5,0,0,0,0,0,0,0.0,0.0,0.0,1,0,0.0,False,False,5,5,0,0,0,0,0,0,0,0,0,0,0,0,,,0,0,,False,False,5,5,False
2016-03-31,AI/hyperscale,7,5,0,25,0,5,25,666914574.9433,0.0,-666914574.9433,4,1,0.6071428571428572,False,True,7,7,0,0,0,0,0,0,0,0,0,0,0,0,,,0,0,,False,False,7,7,False
2016-03-31,clean_energy,6,4,1,22,2,4,22,22532441.746,719500.0,-21812941.746,4,0,0.75,False,True,6,6,0,0,0,0,0,1,1,1,0,0,0,0,0.0,1.0,0,0,,False,False,6,6,False
2016-03-31,crypto,5,0,0,0,0,0,0,0.0,0.0,0.0,1,0,0.0,False,False,5,5,0,0,0,0,0,0,0,0,0,0,0,0,,,0,0,,False,False,5,5,False
2016-04-30,AI/hyperscale,7,5,0,31,0,5,31,820207803.6455001,0.0,-820207803.6455001,4,2,0.8333333333333333,True,True,7,7,0,0,0,0,0,0,0,0,0,0,0,0,,,0,0,,False,False,7,7,False
2016-04-30,clean_energy,6,4,1,23,2,4,23,23862308.635999996,719500.0,-23142808.635999996,4,0,0.7,False,True,6,6,0,0,0,0,0,1,1,1,0,0,0,0,0.0,1.0,0,0,,False,False,6,6,False
2016-04-30,crypto,5,0,0,0,0,0,0,0.0,0.0,0.0,1,0,0.0,False,False,5,5,0,0,0,0,0,0,0,0,0,0,0,0,,,0,0,,False,False,5,5,False
2016-05-31,AI/hyperscale,7,6,0,35,0,6,35,1354222324.104,0.0,-1354222324.104,4,2,0.75,True,True,7,7,0,0,0,0,0,0,0,0,0,0,0,0,,,0,0,,False,False,7,7,False
2016-05-31,clean_energy,6,5,0,23,0,5,23,19618392.28,0.0,-19618392.28,4,0,0.71875,False,True,6,6,0,0,0,0,0,1,1,1,0,0,0,0,0.0,1.0,0,0,,False,False,6,6,False
2016-05-31,crypto,5,0,0,0,0,0,0,0.0,0.0,0.0,1,0,0.0,False,False,5,5,0,0,0,0,0,0,0,0,0,0,0,0,,,0,0,,False,False,5,5,False
2016-06-30,AI/hyperscale,7,6,0,32,0,6,32,1677253600.7742002,0.0,-1677253600.7742002,4,2,0.7352941176470589,True,True,7,7,0,0,0,0,0,0,0,0,0,0,0,0,,,0,0,,False,False,7,7,False
2016-06-30,clean_energy,6,4,0,15,0,5,15,12051733.301,0.0,-12051733.301,4,0,0.5294117647058824,False,True,6,6,0,0,0,0,0,1,1,1,0,0,0,0,0.0,1.0,0,0,,False,False,6,6,False
2016-06-30,crypto,5,0,0,0,0,0,0,0.0,0.0,0.0,1,0,0.0,False,False,5,5,0,0,0,0,0,0,0,0,0,0,0,0,,,0,0,,False,False,5,5,False
2016-07-31,AI/hyperscale,7,6,0,27,0,6,27,2707925620.683,0.0,-2707925620.683,4,3,0.9444444444444444,True,True,7,7,0,0,0,0,0,0,0,0,0,0,0,0,,,0,0,,False,False,7,7,False
2016-07-31,clean_energy,6,4,0,12,0,5,12,10691484.1033,0.0,-10691484.1033,4,0,0.3611111111111111,False,True,6,6,0,0,0,0,0,1,1,1,0,0,0,0,0.0,1.0,0,0,,False,False,6,6,False
2016-07-31,crypto,5,0,0,0,0,0,0,0.0,0.0,0.0,1,0,0.0,False,False,5,5,0,0,0,0,0,0,0,0,0,0,0,0,,,0,0,,False,False,5,5,False
2016-08-31,AI/hyperscale,7,6,0,27,0,6,27,2821249254.0551996,0.0,-2821249254.0551996,4,2,0.7894736842105263,True,True,7,7,0,0,0,0,0,0,0,0,0,0,0,0,,,0,0,,False,False,7,7,False
2016-08-31,clean_energy,6,4,0,18,0,6,18,31068787.448400002,0.0,-31068787.448400002,4,1,0.4473684210526315,False,True,6,6,0,0,0,0,0,1,1,1,0,0,0,0,0.0,1.0,0,0,,False,False,6,6,False
2016-08-31,crypto,5,0,0,0,0,0,0,0.0,0.0,0.0,1,0,0.0,False,False,5,5,0,0,0,0,0,0,0,0,0,0,0,0,,,0,0,,False,False,5,5,False
2016-09-30,AI/hyperscale,7,6,0,25,0,6,25,2331430777.6239,0.0,-2331430777.6239,4,2,0.7,True,True,7,7,0,0,0,0,0,0,0,0,0,0,0,0,,,0,0,,False,False,7,7,False
2016-09-30,clean_energy,6,3,1,14,1,4,14,28333682.6034,720000.0,-27613682.6034,4,1,0.25,False,True,6,6,0,0,0,0,0,1,1,1,0,0,0,0,0.0,1.0,0,0,,False,False,6,6,False
2016-09-30,crypto,5,0,0,0,0,0,0,0.0,0.0,0.0,1,0,0.0,False,False,5,5,0,0,0,0,0,0,0,0,0,0,0,0,,,0,0,,False,False,5,5,False
2016-10-31,AI/hyperscale,7,6,0,25,0,6,25,1364574336.286,0.0,-1364574336.286,4,1,0.5238095238095238,False,True,7,7,0,0,0,0,0,0,0,0,0,0,0,0,,,0,0,,False,False,7,7,False
2016-10-31,clean_energy,6,2,1,14,1,4,14,27646321.711100005,720000.0,-26926321.711100005,4,1,0.5,False,True,6,6,0,0,0,0,0,1,1,1,0,0,0,0,0.0,1.0,0,0,,False,False,6,6,False
2016-10-31,crypto,5,0,0,0,0,0,0,0.0,0.0,0.0,1,0,0.0,False,False,5,5,0,0,0,0,0,0,0,0,0,0,0,0,,,0,0,,False,False,5,5,False
2016-11-30,AI/hyperscale,7,5,0,19,0,5,19,556147167.1489999,0.0,-556147167.1489999,4,1,0.34090909090909094,False,True,7,7,0,0,0,0,0,0,0,0,0,0,0,0,,,0,0,,False,False,7,7,False
2016-11-30,clean_energy,6,2,2,7,2,4,7,3983825.9950000006,842900.0,-3140925.9950000006,4,0,0.4090909090909091,False,True,6,6,0,0,0,0,0,1,1,1,0,0,0,0,0.0,1.0,0,0,,False,False,6,6,False
2016-11-30,crypto,5,2,1,3,1,2,3,903112.3999999999,159666.94999999998,-743445.45,1,0,0.0,False,False,5,5,0,0,0,0,0,0,0,0,0,0,0,0,,,0,0,,False,False,5,5,False
2016-12-31,AI/hyperscale,7,5,0,25,0,5,25,1789397231.2079656,0.0,-1789397231.2079656,4,2,0.7826086956521738,True,True,7,7,0,0,0,0,0,0,0,0,0,0,0,0,,,0,0,,False,False,7,7,False
2016-12-31,clean_energy,6,2,1,8,2,4,8,3793727.8150000004,214866.64,-3578861.1750000003,4,0,0.391304347826087,False,True,6,6,0,0,0,0,0,1,1,1,0,0,0,0,0.0,1.0,0,0,,False,False,6,6,False
2016-12-31,crypto,5,2,1,4,1,2,4,1069436.4,309924.3,-759512.0999999999,1,0,0.0,False,False,5,5,0,0,0,0,0,0,0,0,0,0,0,0,,,0,0,,False,False,5,5,False
2017-01-31,AI/hyperscale,7,5,0,22,0,5,22,1494716370.5618658,0.0,-1494716370.5618658,4,1,0.4791666666666667,False,True,7,7,0,0,0,0,0,0,0,0,0,0,0,0,,,0,0,,False,False,7,7,False
2017-01-31,clean_energy,6,1,1,8,2,4,8,3766293.7150000003,91966.64,-3674327.075,4,0,0.375,False,True,6,6,0,0,0,0,0,0,0,0,0,0,0,0,,,0,0,,False,False,6,6,False
2017-01-31,crypto,5,2,1,4,1,2,4,1069436.4,326804.3,-742632.0999999999,1,0,0.0,False,False,5,5,0,0,0,0,0,0,0,0,0,0,0,0,,,0,0,,False,False,5,5,False
2017-02-28,AI/hyperscale,7,5,0,23,0,5,23,3211728354.0210657,0.0,-3211728354.0210657,4,2,0.86,True,True,7,7,0,0,0,0,0,0,0,0,0,0,0,0,,,0,0,,False,False,7,7,False
2017-02-28,clean_energy,6,2,1,6,3,4,6,4024536.42,589381.68,-3435154.7399999998,4,0,0.3,False,True,6,6,0,0,0,0,0,1,1,1,0,0,0,0,0.0,1.0,0,0,,False,False,6,6,False
2017-02-28,crypto,5,1,1,1,1,1,1,166324.0,167137.35,813.3500000000058,1,0,0.0,False,False,5,5,0,0,0,0,0,0,0,0,0,0,0,0,,,0,0,,False,False,5,5,False
2017-03-31,AI/hyperscale,7,5,0,29,0,5,29,2289851821.7121,0.0,-2289851821.7121,5,2,0.7692307692307693,True,True,7,7,0,0,0,0,0,0,0,0,0,0,0,0,,,0,0,,False,False,7,7,False
2017-03-31,clean_energy,6,3,1,8,2,3,8,10223268.6542,497415.04000000004,-9725853.6142,4,0,0.1346153846153846,False,True,6,6,0,0,0,0,0,1,1,1,0,0,0,0,0.0,1.0,0,0,,False,False,6,6,False
2017-03-31,crypto,5,0,0,0,1,0,0,0.0,16880.0,16880.0,1,0,0.0,False,False,5,5,0,0,0,0,0,0,0,0,0,0,0,0,,,0,0,,False,False,5,5,False
2017-04-30,AI/hyperscale,7,5,0,30,0,5,30,2120040480.6486998,0.0,-2120040480.6486998,5,2,0.8888888888888888,True,True,7,7,0,0,0,0,0,0,0,0,0,0,0,0,,,0,0,,False,False,7,7,False
2017-04-30,clean_energy,6,3,1,8,1,3,8,11277514.214200001,497415.04000000004,-10780099.174200002,4,0,0.12962962962962962,False,True,6,6,0,0,0,0,0,2,2,2,0,0,0,0,0.0,1.0,0,0,,False,False,6,6,False
2017-04-30,crypto,5,0,0,0,0,0,0,0.0,0.0,0.0,1,0,0.0,False,False,5,5,0,0,0,0,0,0,0,0,0,0,0,0,,,0,0,,False,False,5,5,False
2017-05-31,AI/hyperscale,7,5,0,34,1,5,34,2427367319.6569,12960.318800000001,-2427354359.3381,5,3,1.0,True,True,7,7,0,0,0,0,0,0,0,0,0,0,0,0,,,0,0,,False,False,7,7,False
2017-05-31,clean_energy,6,3,1,10,1,3,10,16446287.1382,147542.0,-16298745.1382,4,1,0.10714285714285714,False,True,6,6,0,0,0,0,0,1,1,1,0,0,0,0,0.0,1.0,0,0,,False,False,6,6,False
2017-05-31,crypto,5,1,0,1,0,1,1,153950.655,0.0,-153950.655,1,0,0.0,False,False,5,5,0,0,0,0,0,0,0,0,0,0,0,0,,,0,0,,False,False,5,5,False
2017-06-30,AI/hyperscale,7,5,0,29,2,5,29,2172889064.2835,12960.318800000001,-2172876103.9647,5,2,0.6896551724137931,True,True,7,7,0,0,0,0,0,0,0,0,0,0,0,0,,,0,0,,False,False,7,7,False
2017-06-30,clean_energy,6,3,1,12,1,4,12,11363100.743700001,147542.0,-11215558.743700001,5,0,0.3103448275862069,False,True,6,6,0,0,0,0,0,1,1,1,0,0,0,0,0.0,1.0,0,0,,False,False,6,6,False
2017-06-30,crypto,5,2,0,2,0,2,2,594444.655,0.0,-594444.655,2,0,0.3793103448275862,False,True,5,5,0,0,0,0,0,0,0,0,0,0,0,0,,,0,0,,False,False,5,5,False
2017-07-31,AI/hyperscale,7,5,0,30,2,5,30,2202490307.5392,12960.318800000001,-2202477347.2204,5,2,0.7333333333333333,True,True,7,7,0,0,0,0,0,0,0,0,0,0,0,0,,,0,0,,False,False,7,7,False
2017-07-31,clean_energy,6,3,1,11,1,4,11,10917936.822900001,147542.0,-10770394.822900001,5,0,0.3,False,True,6,6,0,0,0,0,0,1,1,1,0,0,0,0,0.0,1.0,0,0,,False,False,6,6,False
2017-07-31,crypto,5,2,0,2,0,2,2,594444.655,0.0,-594444.655,2,0,0.36666666666666664,False,True,5,5,0,0,0,0,0,0,0,0,0,0,0,0,,,0,0,,False,False,5,5,False
2017-08-31,AI/hyperscale,7,5,0,23,1,5,23,703260409.665,0.0,-703260409.665,5,1,0.5483870967741935,False,True,7,7,0,0,0,0,0,0,0,0,0,0,0,0,,,0,0,,False,False,7,7,False
2017-08-31,clean_energy,6,4,0,18,0,5,18,16626374.7589,0.0,-16626374.7589,5,0,0.41935483870967744,False,True,6,6,0,0,0,0,0,1,1,1,0,0,0,0,0.0,1.0,0,0,,False,False,6,6,False
2017-08-31,crypto,5,1,0,1,0,1,1,440494.0,0.0,-440494.0,2,0,0.3548387096774194,False,True,5,5,0,0,0,0,0,0,0,0,0,0,0,0,,,0,0,,False,False,5,5,False
2017-09-30,AI/hyperscale,7,5,0,25,0,5,25,700412594.6881,0.0,-700412594.6881,5,1,0.53125,False,True,7,7,0,0,0,0,0,0,0,0,0,0,0,0,,,0,0,,False,False,7,7,False
2017-09-30,clean_energy,6,4,1,20,1,5,20,20826296.017899998,440442.0,-20385854.017899998,5,0,0.71875,False,True,6,6,0,0,0,0,0,1,1,1,0,0,0,0,0.0,1.0,0,0,,False,False,6,6,False
2017-09-30,crypto,5,0,0,0,0,0,0,0.0,0.0,0.0,2,0,0.0,False,True,5,5,0,0,0,0,0,0,0,0,0,0,0,0,,,0,0,,False,False,5,5,False
2017-10-31,AI/hyperscale,7,5,0,24,0,5,24,648759564.6591,0.0,-648759564.6591,5,1,0.45454545454545453,False,True,7,7,0,0,0,0,0,0,0,0,0,0,0,0,,,0,0,,False,False,7,7,False
2017-10-31,clean_energy,6,3,1,17,1,5,17,20938431.7187,440442.0,-20497989.7187,5,1,0.45454545454545453,False,True,6,6,0,0,0,0,0,1,1,1,0,0,0,0,0.0,1.0,0,0,,False,False,6,6,False
2017-10-31,crypto,5,0,0,0,0,0,0,0.0,0.0,0.0,2,0,0.0,False,True,5,5,0,0,0,0,0,0,0,0,0,0,0,0,,,0,0,,False,False,5,5,False
2017-11-30,AI/hyperscale,7,5,0,25,0,5,25,1243575958.4047,0.0,-1243575958.4047,5,2,0.38235294117647056,True,True,7,7,0,0,0,0,0,0,0,0,0,0,0,0,,,0,0,,False,False,7,7,False
2017-11-30,clean_energy,6,3,2,13,2,4,13,18325288.5927,512847.06,-17812441.532700002,5,0,0.8529411764705882,False,True,6,6,0,0,0,0,0,1,1,1,0,0,0,0,0.0,1.0,0,0,,False,False,6,6,False
2017-11-30,crypto,5,0,0,0,0,0,0,0.0,0.0,0.0,2,0,0.0,False,True,5,5,0,0,0,0,0,0,0,0,0,0,0,0,,,0,0,,False,False,5,5,False
2017-12-31,AI/hyperscale,7,5,0,22,0,5,22,1169424257.9305,0.0,-1169424257.9305,5,1,0.3142857142857143,False,True,7,7,0,0,0,0,0,0,0,0,0,0,0,0,,,0,0,,False,False,7,7,False
2017-12-31,clean_energy,6,4,1,14,1,4,14,24129508.917999998,72405.06,-24057103.858,5,2,0.8285714285714286,True,True,6,6,0,0,0,0,0,1,1,1,0,0,0,0,0.0,1.0,0,0,,False,False,6,6,False
2017-12-31,crypto,5,1,0,1,0,1,1,869256.35,0.0,-869256.35,2,0,0.5,False,True,5,5,0,0,0,0,0,0,0,0,0,0,0,0,,,0,0,,False,False,5,5,False
2018-01-31,AI/hyperscale,7,5,0,23,0,5,23,1489456561.8387,0.0,-1489456561.8387,5,2,0.3333333333333333,True,True,7,7,0,0,0,0,0,0,0,0,0,0,0,0,,,0,0,,False,False,7,7,False
2018-01-31,clean_energy,6,4,1,14,1,4,14,22075898.994000003,72405.06,-22003493.934000004,5,0,0.8055555555555556,False,True,6,6,0,0,0,0,0,0,0,0,0,0,0,0,,,0,0,,False,False,6,6,False
2018-01-31,crypto,5,1,0,1,0,1,1,869256.35,0.0,-869256.35,2,0,0.4861111111111111,False,True,5,5,0,0,0,0,0,0,0,0,0,0,0,0,,,0,0,,False,False,5,5,False
2018-02-28,AI/hyperscale,7,5,0,22,0,5,22,429657927.59,0.0,-429657927.59,5,1,0.35135135135135137,False,True,7,7,0,0,0,0,0,0,0,0,0,0,0,0,,,0,0,,False,False,7,7,False
2018-02-28,clean_energy,6,4,1,15,1,4,15,35393110.79799999,187980.0,-35205130.79799999,5,1,0.7297297297297297,False,True,6,6,0,0,0,0,0,1,1,1,0,0,0,0,0.0,1.0,1,0,0.0,False,False,6,6,False
2018-02-28,crypto,5,2,0,2,0,2,2,959256.35,0.0,-959256.35,2,0,0.47297297297297297,False,True,5,5,0,0,0,0,0,0,0,0,0,0,0,0,,,0,0,,False,False,5,5,False
2018-03-31,AI/hyperscale,7,5,0,22,0,5,22,449213220.1697,0.0,-449213220.1697,5,1,0.5263157894736842,False,True,7,7,0,0,0,0,0,0,0,0,0,0,0,0,,,0,0,,False,False,7,7,False
2018-03-31,clean_energy,6,4,2,23,2,4,23,43742245.7986,320780.0,-43421465.7986,5,1,0.8421052631578947,False,True,6,6,0,0,0,0,0,1,1,1,0,0,0,0,0.0,1.0,1,0,0.0,False,False,6,6,False
2018-03-31,crypto,5,1,0,1,0,1,1,90000.0,0.0,-90000.0,2,0,0.0,False,True,5,5,0,0,0,0,0,0,0,0,0,0,0,0,,,0,0,,False,False,5,5,False
2018-04-30,AI/hyperscale,7,5,1,21,1,5,21,130456305.6681,85478486.44,-44977819.2281,5,0,0.5128205128205128,False,True,7,7,0,0,0,0,0,0,0,0,0,0,0,0,,,0,0,,False,False,7,7,False
2018-04-30,clean_energy,6,5,2,24,2,5,24,49080589.834599994,320780.0,-48759809.834599994,5,1,0.8205128205128205,False,True,6,6,0,0,0,0,0,2,2,2,0,0,0,0,0.0,1.0,1,0,0.0,False,False,6,6,False
2018-04-30,crypto,5,1,0,1,0,1,1,90000.0,0.0,-90000.0,2,0,0.0,False,True,5,5,0,0,0,0,0,0,0,0,0,0,0,0,,,0,0,,False,False,5,5,False
2018-05-31,AI/hyperscale,7,4,1,21,2,4,21,172027380.0142,85505268.88928334,-86522111.12491666,5,0,0.6,False,True,7,7,0,0,0,0,0,0,0,0,0,0,0,0,,,0,0,,False,False,7,7,False
2018-05-31,clean_energy,6,5,1,21,1,5,21,59259586.1316,8619767.48,-50639818.6516,5,2,0.825,True,True,6,6,0,0,0,0,0,1,1,1,0,0,0,0,0.0,1.0,1,0,0.0,False,False,6,6,False
2018-05-31,crypto,5,1,0,1,0,1,1,2337380.0,0.0,-2337380.0,2,0,0.4625,False,True,5,5,0,0,0,0,0,0,0,0,0,0,0,0,,,0,0,,False,False,5,5,False
2018-06-30,AI/hyperscale,7,5,2,24,3,5,24,231499738.4968,86055874.48928334,-145443864.00751668,5,0,0.5365853658536586,False,True,7,7,0,0,0,0,0,0,0,0,0,0,0,0,,,0,0,,False,False,7,7,False
2018-06-30,clean_energy,6,4,1,15,1,4,15,44824778.61100001,36058704.5501,-8766074.06090001,5,2,0.5121951219512195,True,True,6,6,0,0,0,0,0,1,1,1,0,0,0,0,0.0,1.0,1,0,0.0,False,False,6,6,False
2018-06-30,crypto,5,1,0,1,0,1,1,2337380.0,0.0,-2337380.0,2,0,0.45121951219512196,False,True,5,5,0,0,0,0,0,0,0,0,0,0,0,0,,,0,0,,False,False,5,5,False
2018-07-31,AI/hyperscale,7,5,1,25,2,5,25,212491636.3047,577388.04928334,-211914248.25541666,5,0,0.5476190476190477,False,True,7,7,0,0,0,0,0,0,0,0,0,0,0,0,,,0,0,,False,False,7,7,False
2018-07-31,clean_energy,6,4,1,12,1,4,12,38422289.6222,36905715.578899994,-1516574.0433000028,5,1,0.3333333333333333,False,True,6,6,0,0,0,0,0,1,1,1,0,0,0,0,0.0,1.0,1,0,0.0,False,False,6,6,False
2018-07-31,crypto,5,1,0,1,0,1,1,1885270.0,0.0,-1885270.0,2,0,0.44047619047619047,False,True,5,5,0,0,0,0,0,0,0,0,0,0,0,0,,,0,0,,False,False,5,5,False
2018-08-31,AI/hyperscale,7,5,1,26,1,5,26,191589288.7765,550605.6,-191038683.1765,5,0,0.5116279069767442,False,True,7,7,0,0,0,0,0,0,0,0,0,0,0,0,,,0,0,,False,False,7,7,False
2018-08-31,clean_energy,6,4,2,15,3,4,15,17421193.5687,40098701.9109,22677508.342199996,6,1,0.4651162790697675,False,True,6,6,0,0,0,0,0,1,1,1,0,0,0,0,0.0,1.0,1,0,0.0,False,False,6,6,False
2018-08-31,crypto,5,0,0,0,0,0,0,0.0,0.0,0.0,2,0,0.0,False,True,5,5,0,0,0,0,0,1,1,1,0,0,0,0,0.0,1.0,0,0,,False,False,5,5,False
2018-09-30,AI/hyperscale,7,5,0,23,0,5,23,164261385.4969,0.0,-164261385.4969,5,0,0.25,False,True,7,7,0,0,0,0,0,0,0,0,0,0,0,0,,,0,0,,False,False,7,7,False
2018-09-30,clean_energy,6,5,2,13,3,5,13,17512300.014799997,12659764.8408,-4852535.173999997,6,1,0.6590909090909092,False,True,6,6,0,0,0,0,0,1,1,1,0,0,0,0,0.0,1.0,1,0,0.0,False,False,6,6,False
2018-09-30,crypto,5,0,0,0,0,0,0,0.0,0.0,0.0,2,0,0.0,False,True,5,5,0,0,0,0,0,1,1,1,0,0,0,0,0.0,1.0,0,0,,False,False,5,5,False
2018-10-31,AI/hyperscale,7,5,0,24,0,5,24,236780443.10669997,0.0,-236780443.10669997,5,0,0.26666666666666666,False,True,7,7,0,0,0,0,0,0,0,0,0,0,0,0,,,0,0,,False,False,7,7,False
2018-10-31,clean_energy,6,5,2,12,3,5,12,14867336.336099999,15964979.7308,1097643.3947,6,1,0.5444444444444445,False,True,6,6,0,0,0,0,0,1,1,1,0,0,0,0,0.0,1.0,1,0,0.0,False,False,6,6,False
2018-10-31,crypto,5,0,0,0,0,0,0,0.0,0.0,0.0,2,0,0.0,False,True,5,5,0,0,0,0,0,1,1,1,0,0,0,0,0.0,1.0,0,0,,False,False,5,5,False
2018-11-30,AI/hyperscale,7,5,0,21,0,5,21,170668845.4816,0.0,-170668845.4816,5,0,0.2608695652173913,False,True,7,7,0,0,0,0,0,0,0,0,0,0,0,0,,,0,0,,False,False,7,7,False
2018-11-30,clean_energy,6,4,2,11,2,4,11,22158034.7071,25392641.1318,3234606.4246999994,6,2,0.5434782608695652,True,True,6,6,0,0,0,0,0,1,1,1,0,0,0,0,0.0,1.0,1,0,0.0,False,False,6,6,False
2018-11-30,crypto,5,0,0,0,0,0,0,0.0,0.0,0.0,2,0,0.0,False,True,5,5,0,0,0,0,0,0,0,0,0,0,0,0,,,0,0,,False,False,5,5,False
2018-12-31,AI/hyperscale,7,5,0,21,0,5,21,134483020.22410002,0.0,-134483020.22410002,5,0,0.3829787234042553,False,True,7,7,0,0,0,0,0,0,0,0,0,0,0,0,,,0,0,,False,False,7,7,False
2018-12-31,clean_energy,6,3,2,12,2,4,12,26921464.615199998,39078601.2332,12157136.618,6,2,0.6276595744680851,True,True,6,6,0,0,0,0,0,1,1,1,0,0,0,0,0.0,1.0,1,0,0.0,False,False,6,6,False
2018-12-31,crypto,5,0,0,0,0,0,0,0.0,0.0,0.0,2,0,0.0,False,True,5,5,0,0,0,0,0,0,0,0,0,0,0,0,,,0,0,,False,False,5,5,False
2019-01-31,AI/hyperscale,7,5,0,20,0,5,20,53908638.13130001,0.0,-53908638.13130001,5,0,0.20833333333333334,False,True,7,7,0,0,0,0,0,0,0,0,0,0,0,0,,,0,0,,False,False,7,7,False
2019-01-31,clean_energy,6,2,2,11,2,3,11,25079286.2192,36424662.048999995,11345375.829799995,6,1,0.17708333333333334,False,True,6,6,0,0,0,0,0,0,0,0,0,0,0,0,,,1,0,0.0,False,False,6,6,False
2019-01-31,crypto,5,0,1,0,2,0,0,0.0,62250.0,62250.0,2,0,0.0,False,True,5,5,0,0,0,0,0,0,0,0,0,0,0,0,,,0,0,,False,False,5,5,False
2019-02-28,AI/hyperscale,7,5,0,19,0,5,19,80795594.6604,0.0,-80795594.6604,5,0,0.24489795918367346,False,True,7,7,0,0,0,0,0,0,0,0,0,0,0,0,,,0,0,,False,False,7,7,False
2019-02-28,clean_energy,6,2,1,10,1,3,10,14928287.6902,15184246.836000001,255959.14580000192,6,1,0.17346938775510204,False,True,6,6,0,0,0,0,0,1,1,1,0,0,0,0,0.0,1.0,1,0,0.0,False,False,6,6,False
2019-02-28,crypto,5,0,1,0,2,0,0,0.0,62250.0,62250.0,2,0,0.0,False,True,5,5,0,0,0,0,0,0,0,0,0,0,0,0,,,0,0,,False,False,5,5,False
2019-03-31,AI/hyperscale,7,5,0,24,0,5,24,449238543.8584,0.0,-449238543.8584,5,1,0.5,False,True,7,7,0,0,0,0,0,0,0,0,0,0,0,0,,,0,0,,False,False,7,7,False
2019-03-31,clean_energy,6,4,3,15,5,4,15,44156949.5568,12979979.0908,-31176970.466,6,3,0.6599999999999999,True,True,6,6,0,0,0,0,0,1,1,1,0,0,0,0,0.0,1.0,1,0,0.0,False,False,6,6,False
2019-03-31,crypto,5,0,1,0,2,0,0,0.0,62250.0,62250.0,2,0,0.0,False,True,5,5,0,0,0,0,0,0,0,0,0,0,0,0,,,0,0,,False,False,5,5,False
2019-04-30,AI/hyperscale,7,5,0,24,0,5,24,459233584.51739997,0.0,-459233584.51739997,5,1,0.5686274509803921,False,True,7,7,0,0,0,0,0,0,0,0,0,0,0,0,,,0,0,,False,False,7,7,False
2019-04-30,clean_energy,6,4,3,16,5,4,16,47055475.5478,12979979.0908,-34075496.456999995,6,3,0.803921568627451,True,True,6,6,0,0,0,0,0,2,2,2,0,0,0,0,0.0,1.0,1,0,0.0,False,False,6,6,False
2019-04-30,crypto,5,0,0,0,0,0,0,0.0,0.0,0.0,2,0,0.0,False,True,5,5,0,0,0,0,0,0,0,0,0,0,0,0,,,0,0,,False,False,5,5,False
2019-05-31,AI/hyperscale,7,5,0,22,0,5,22,501435297.1619,0.0,-501435297.1619,5,1,0.5961538461538461,False,True,7,7,0,0,0,0,0,0,0,0,0,0,0,0,,,0,0,,False,False,7,7,False
2019-05-31,clean_energy,6,5,3,22,5,5,22,62847936.64320002,16909914.9188,-45938021.72440001,6,3,0.8942307692307692,True,True,6,6,0,0,0,0,0,1,1,1,0,0,0,0,0.0,1.0,1,0,0.0,False,False,6,6,False
2019-05-31,crypto,5,0,0,0,0,0,0,0.0,0.0,0.0,2,0,0.0,False,True,5,5,0,0,0,0,0,0,0,0,0,0,0,0,,,0,0,,False,False,5,5,False
2019-06-30,AI/hyperscale,7,5,0,21,0,5,21,208143921.4752,0.0,-208143921.4752,5,0,0.5094339622641509,False,True,7,7,0,0,0,0,0,0,0,0,0,0,0,0,,,0,0,,False,False,7,7,False
2019-06-30,clean_energy,6,5,1,21,1,5,21,33585026.05239999,57512812.64300001,23927786.590600014,6,1,0.8584905660377359,False,True,6,6,0,0,0,0,0,1,1,1,0,0,0,0,0.0,1.0,1,0,0.0,False,False,6,6,False
2019-06-30,crypto,5,0,0,0,0,0,0,0.0,0.0,0.0,2,0,0.0,False,True,5,5,0,0,0,0,0,0,0,0,0,0,0,0,,,0,0,,False,False,5,5,False
2019-07-31,AI/hyperscale,7,5,0,21,0,5,21,2004622241.7868,0.0,-2004622241.7868,5,1,0.3888888888888889,False,True,7,7,0,0,0,0,0,0,0,0,0,0,0,0,,,0,0,,False,False,7,7,False
2019-07-31,clean_energy,6,5,1,22,1,5,22,36535452.5495,58361571.848000005,21826119.2985,6,1,0.8796296296296295,False,True,6,6,0,0,0,0,0,1,1,1,0,0,0,0,0.0,1.0,1,0,0.0,False,False,6,6,False
2019-07-31,crypto,5,0,0,0,0,0,0,0.0,0.0,0.0,2,0,0.0,False,True,5,5,0,0,0,0,0,0,0,0,0,0,0,0,,,0,0,,False,False,5,5,False
2019-08-31,AI/hyperscale,7,5,0,21,0,5,21,2986858467.1935005,0.0,-2986858467.1935005,5,1,0.4909090909090909,False,True,7,7,0,0,0,0,0,0,0,0,0,0,0,0,,,0,0,,False,False,7,7,False
2019-08-31,clean_energy,6,5,1,27,1,5,27,49609602.4991,85637179.028,36027576.5289,6,0,0.8727272727272727,False,True,6,6,0,0,0,0,0,1,1,1,0,0,0,0,0.0,1.0,1,0,0.0,False,False,6,6,False
2019-08-31,crypto,5,0,1,0,2,0,0,0.0,263474.0,263474.0,2,0,0.0,False,True,5,5,0,0,0,0,0,1,1,1,0,0,0,0,0.0,1.0,0,0,,False,False,5,5,False
2019-09-30,AI/hyperscale,7,5,0,23,0,5,23,3011502456.0985994,0.0,-3011502456.0985994,5,1,0.3392857142857143,False,True,7,7,0,0,0,0,0,0,0,0,0,0,0,0,,,0,0,,False,False,7,7,False
2019-09-30,clean_energy,6,5,1,28,1,5,28,56371798.8823,109545716.21299998,53173917.33069999,6,2,0.875,True,True,6,6,0,0,0,0,0,1,1,1,0,0,0,0,0.0,1.0,1,0,0.0,False,False,6,6,False
2019-09-30,crypto,5,0,1,0,2,0,0,0.0,271280.5,271280.5,2,0,0.0,False,True,5,5,0,0,0,0,0,1,1,1,0,0,0,0,0.0,1.0,0,0,,False,False,5,5,False
2019-10-31,AI/hyperscale,7,5,1,26,1,6,26,1160614144.0816,172606.0,-1160441538.0816,5,0,0.3684210526315789,False,True,7,7,0,0,0,0,0,0,0,0,0,0,0,0,,,0,0,,False,False,7,7,False
2019-10-31,clean_energy,6,5,1,29,1,5,29,58125163.4032,125951721.30999999,67826557.90679999,6,3,0.8771929824561403,True,True,6,6,0,0,0,0,0,1,1,1,0,0,0,0,0.0,1.0,1,0,0.0,False,False,6,6,False
2019-10-31,crypto,5,0,1,0,2,0,0,0.0,271280.5,271280.5,2,0,0.0,False,True,5,5,0,0,0,0,0,2,2,2,0,0,0,0,0.0,1.0,0,0,,False,False,5,5,False
2019-11-30,AI/hyperscale,7,5,1,27,1,6,27,176327976.0525,172606.0,-176155370.0525,5,0,0.39655172413793105,False,True,7,7,0,0,0,0,0,0,0,0,0,0,0,0,,,0,0,,False,False,7,7,False
2019-11-30,clean_energy,6,5,2,19,3,5,19,29864262.181199998,95100090.302,65235828.1208,6,1,0.7068965517241379,False,True,6,6,0,0,0,0,0,1,1,1,0,0,0,0,0.0,1.0,1,0,0.0,False,False,6,6,False
2019-11-30,crypto,5,0,0,0,1,0,0,0.0,32541.5,32541.5,3,0,0.0,False,True,5,5,0,0,0,0,0,2,2,2,0,0,0,0,0.0,1.0,0,0,,False,False,5,5,False
2019-12-31,AI/hyperscale,7,5,1,19,1,5,19,74783260.8738,172606.0,-74610654.8738,5,0,0.3389830508474576,False,True,7,7,0,0,0,0,0,0,0,0,0,0,0,0,,,0,0,,False,False,7,7,False
2019-12-31,clean_energy,6,5,2,19,3,5,19,25079017.863199998,17608676.302,-7470341.561199997,6,1,0.6779661016949152,False,True,6,6,0,0,0,0,0,1,1,1,0,0,0,0,0.0,1.0,1,0,0.0,False,False,6,6,False
2019-12-31,crypto,5,0,0,0,1,0,0,0.0,24735.0,24735.0,3,0,0.0,False,True,5,5,0,1,0,1,1,3,3,3,0,1,0,1,0.0,1.0,0,0,,False,False,5,5,False
2020-01-31,AI/hyperscale,7,5,1,18,1,5,18,145035696.50919998,187500.0,-144848196.50919998,5,0,0.5166666666666667,False,True,7,7,0,0,0,0,0,0,0,0,0,0,0,0,,,0,0,,False,False,7,7,False
2020-01-31,clean_energy,6,6,1,21,2,6,21,43324236.72450001,353912.0,-42970324.72450001,6,2,0.8583333333333334,True,True,6,6,0,0,0,0,0,0,0,0,0,0,0,0,,,1,0,0.0,False,False,6,6,False
2020-01-31,crypto,5,0,0,0,1,0,0,0.0,24735.0,24735.0,3,0,0.0,False,True,5,5,0,1,0,1,1,5,5,5,0,1,0,1,0.0,1.0,0,0,,False,False,5,5,False
2020-02-29,AI/hyperscale,7,5,1,19,1,5,19,4309442922.334701,187500.0,-4309255422.334701,5,1,0.7213114754098361,False,True,7,7,0,0,0,0,0,0,0,0,0,0,0,0,,,0,0,,False,False,7,7,False
2020-02-29,clean_energy,6,6,1,28,1,6,28,177946212.24930003,826500.0,-177119712.24930003,6,4,0.9508196721311475,True,True,6,6,0,0,0,0,0,1,1,1,0,0,0,0,0.0,1.0,1,0,0.0,False,False,6,6,False
2020-02-29,crypto,5,0,0,0,0,0,0,0.0,0.0,0.0,3,0,0.0,False,True,5,5,0,1,0,1,1,4,4,4,0,1,0,1,0.0,1.0,0,0,,False,False,5,5,False
2020-03-31,AI/hyperscale,7,5,2,21,2,5,21,4378128239.7643,1611662.0,-4376516577.7643,5,1,0.6612903225806451,False,True,7,7,0,0,0,0,0,0,0,0,0,0,0,0,,,0,0,,False,False,7,7,False
2020-03-31,clean_energy,6,6,1,32,2,6,32,201030423.7694,2162500.0,-198867923.7694,6,5,0.967741935483871,True,True,6,6,0,0,0,0,0,1,1,1,0,0,0,0,0.0,1.0,1,0,0.0,False,False,6,6,False
2020-03-31,crypto,5,0,1,0,1,0,0,0.0,260160.00000000003,260160.00000000003,3,0,0.0,False,True,5,5,0,0,0,0,0,3,3,3,0,0,0,0,0.0,1.0,0,0,,False,False,5,5,False
2020-04-30,AI/hyperscale,7,5,2,24,2,5,24,4335010231.5262,1617203.3101,-4333393028.216101,5,1,0.8412698412698413,False,True,7,7,0,0,0,0,0,0,0,0,0,0,0,0,,,0,0,,False,False,7,7,False
2020-04-30,clean_energy,6,6,1,33,2,6,33,190061542.9031,2162500.0,-187899042.9031,6,4,0.9365079365079365,True,True,6,6,0,0,0,0,0,2,2,2,0,0,0,0,0.0,1.0,1,0,0.0,False,False,6,6,False
2020-04-30,crypto,5,0,1,0,1,0,0,0.0,260160.00000000003,260160.00000000003,3,0,0.0,False,True,5,5,0,1,0,1,1,2,2,2,0,1,0,1,0.0,1.0,0,0,,False,False,5,5,False
2020-05-31,AI/hyperscale,7,5,2,24,2,5,24,319334166.00585115,1617203.3101,-317716962.69575113,5,0,0.640625,False,True,7,7,0,0,0,0,0,0,0,0,0,0,0,0,,,0,0,,False,False,7,7,False
2020-05-31,clean_energy,6,6,2,26,3,6,26,893634059.2996998,24910399.39,-868723659.9096998,6,3,0.8671875,True,True,6,6,0,0,0,0,0,1,1,1,0,0,0,0,0.0,1.0,1,0,0.0,False,False,6,6,False
2020-05-31,crypto,5,0,1,0,1,0,0,0.0,260160.00000000003,260160.00000000003,3,0,0.0,False,True,5,5,0,1,0,1,1,7,7,7,0,1,0,1,0.0,1.0,0,0,,False,False,5,5,False
2020-06-30,AI/hyperscale,7,5,1,25,1,5,25,703666944.3392513,193041.31009999997,-703473903.0291513,5,2,0.8,True,True,7,7,0,0,0,0,0,0,0,0,0,0,0,0,,,0,0,,False,False,7,7,False
2020-06-30,clean_energy,6,6,1,33,1,6,33,1010176507.0998999,23574399.39,-986602107.7098999,6,3,0.8692307692307693,True,True,6,6,0,0,0,0,0,4,3,4,0,0,0,0,0.0,1.0,1,0,0.0,False,False,6,6,False
2020-06-30,crypto,5,0,0,0,0,0,0,0.0,0.0,0.0,3,0,0.0,False,True,5,5,0,1,0,1,1,12,12,11,0,1,0,1,0.0,0.9166666666666666,0,0,,False,False,5,5,False
2020-07-31,AI/hyperscale,7,5,1,27,2,5,27,1017139033.5155512,295445.57,-1016843587.9455512,5,2,0.8636363636363636,True,True,7,7,0,0,0,0,0,0,0,0,0,0,0,0,,,0,0,,False,False,7,7,False
2020-07-31,clean_energy,6,6,1,36,1,6,36,1039871498.6265999,23574399.39,-1016297099.2365999,6,4,0.9621212121212122,True,True,6,6,0,0,0,0,0,7,5,7,0,0,0,0,0.0,1.0,1,0,0.0,False,False,6,6,False
2020-07-31,crypto,5,0,0,0,0,0,0,0.0,0.0,0.0,3,0,0.0,False,True,5,5,0,0,0,0,0,16,16,15,0,0,0,0,0.0,0.9375,0,0,,False,False,5,5,False
2020-08-31,AI/hyperscale,7,5,1,24,2,5,24,4120870897.8432,295445.57,-4120575452.2732,5,3,0.9552238805970149,True,True,7,7,0,0,0,0,0,0,0,0,0,0,0,0,,,0,0,,False,False,7,7,False
2020-08-31,clean_energy,6,6,0,33,0,6,33,221712698.4476,0.0,-221712698.4476,6,3,0.9104477611940298,True,True,6,6,0,0,0,0,0,7,5,7,0,0,0,0,0.0,1.0,1,0,0.0,False,False,6,6,False
2020-08-31,crypto,5,0,0,0,0,0,0,0.0,0.0,0.0,3,0,0.0,False,True,5,5,1,1,1,1,2,30,24,29,1,1,1,1,0.041666666666666664,0.9666666666666667,0,0,,False,False,5,5,False
2020-09-30,AI/hyperscale,7,5,2,24,3,5,24,192618153575.92758,37324838.6,-192580828737.32758,5,3,0.9411764705882353,True,True,7,7,0,0,0,0,0,0,0,0,0,0,0,0,,,0,0,,False,False,7,7,False
2020-09-30,clean_energy,6,6,0,30,0,6,30,721862058.0445001,0.0,-721862058.0445001,6,4,0.9926470588235294,True,True,6,6,0,0,0,0,0,6,5,6,0,0,0,0,0.0,1.0,1,0,0.0,False,False,6,6,False
2020-09-30,crypto,5,1,0,1,0,1,1,154238.0,0.0,-154238.0,3,0,0.0,False,True,5,5,1,1,1,1,2,36,27,36,1,1,1,1,0.037037037037037035,1.0,0,0,,False,False,5,5,False
2020-10-31,AI/hyperscale,7,5,3,25,4,5,25,192613163460.01138,37627202.2911,-192575536257.72028,5,3,0.927536231884058,True,True,7,7,0,0,0,0,0,0,0,0,0,0,0,0,,,0,0,,False,False,7,7,False
2020-10-31,clean_energy,6,6,0,34,0,6,34,2468050047.2541,0.0,-2468050047.2541,6,5,1.0,True,True,6,6,2,0,1,0,1,12,10,12,2,0,1,0,0.1,1.0,1,0,1.0,False,False,6,6,False
2020-10-31,crypto,5,1,0,1,0,1,1,154238.0,0.0,-154238.0,3,0,0.0,False,True,5,5,1,3,1,3,4,134,54,133,1,3,1,2,0.018518518518518517,0.9925373134328358,0,0,,False,False,5,5,False
2020-11-30,AI/hyperscale,7,5,3,25,4,5,25,192491124268.4075,37627202.2911,-192453497066.1164,5,2,0.8714285714285714,True,True,7,7,0,0,0,0,0,0,0,0,0,0,0,0,,,0,0,,False,False,7,7,False
2020-11-30,clean_energy,6,6,0,38,0,6,38,2781067209.7862005,0.0,-2781067209.7862005,6,5,0.9928571428571429,True,True,6,6,4,5,3,5,7,57,33,57,4,4,2,2,0.09090909090909091,1.0,1,1,1.0,False,False,6,6,False
2020-11-30,crypto,5,2,0,8,0,2,8,37316026.77,0.0,-37316026.77,3,2,1.0,True,True,5,5,0,3,0,3,3,130,51,129,0,2,0,1,0.0,0.9923076923076923,0,0,,False,False,5,5,False
2020-12-31,AI/hyperscale,7,5,3,28,3,5,28,3450087993.5301003,476859.0711,-3449611134.459,5,1,0.8309859154929577,False,True,7,7,0,0,0,0,0,0,0,0,0,0,0,0,,,0,0,,False,False,7,7,False
2020-12-31,clean_energy,6,6,0,50,0,6,50,2306644237.6022997,0.0,-2306644237.6022997,6,6,0.9436619718309859,True,True,6,6,4,5,3,5,7,89,56,89,4,4,2,2,0.05357142857142857,1.0,1,1,0.9859154929577465,False,False,6,6,False
2020-12-31,crypto,5,3,0,12,0,3,12,57838914.57,0.0,-57838914.57,3,3,1.0,True,True,5,5,0,10,0,10,10,176,75,175,0,8,0,3,0.0,0.9943181818181818,1,0,0.0,False,False,5,5,False
2021-01-31,AI/hyperscale,7,5,2,27,2,5,27,3410805579.5811,157405.0,-3410648174.5811,5,2,0.7916666666666666,True,True,7,7,0,0,0,0,0,0,0,0,0,0,0,0,,,0,0,,False,False,7,7,False
2021-01-31,clean_energy,6,6,0,46,0,6,46,615487254.6655,0.0,-615487254.6655,6,4,0.9513888888888888,True,True,6,6,1,6,1,6,6,111,72,111,1,4,1,2,0.013888888888888888,1.0,1,0,0.0,False,False,6,6,False
2021-01-31,crypto,5,3,0,13,0,3,13,70801234.57000001,0.0,-70801234.57000001,3,3,0.9861111111111112,True,True,5,5,7,14,7,14,19,203,99,203,2,9,2,3,0.0707070707070707,1.0,2,1,0.9791666666666667,True,False,5,5,False
2021-02-28,AI/hyperscale,7,5,2,25,2,5,25,245438186.41030002,157405.0,-245280781.41030002,5,1,0.4520547945205479,False,True,7,7,0,0,0,0,0,0,0,0,0,0,0,0,,,0,0,,False,False,7,7,False
2021-02-28,clean_energy,6,6,0,39,0,6,39,294100811.26720005,0.0,-294100811.26720005,6,4,0.9246575342465753,True,True,6,6,0,3,0,3,3,103,68,103,0,2,0,2,0.0,1.0,1,0,0.0,False,False,6,6,False
2021-02-28,crypto,5,2,0,9,0,2,9,79185154.2,0.0,-79185154.2,3,2,0.958904109589041,True,True,5,5,11,21,11,19,27,291,140,291,3,10,2,3,0.07857142857142857,1.0,2,1,0.9726027397260274,True,False,5,5,False
2021-03-31,AI/hyperscale,7,5,2,21,3,5,21,708785674.7063999,1746958.4235999999,-707038716.2828,5,1,0.4864864864864865,False,True,7,7,0,0,0,0,0,0,0,0,0,0,0,0,,,0,0,,False,False,7,7,False
2021-03-31,clean_energy,6,6,0,38,0,6,38,178855980.7527,0.0,-178855980.7527,6,2,0.8513513513513513,True,True,6,6,1,4,1,4,5,100,67,100,1,2,1,2,0.014925373134328358,1.0,1,0,0.0,False,False,6,6,False
2021-03-31,crypto,5,2,0,8,0,2,8,131968179.63000003,0.0,-131968179.63000003,3,1,0.9864864864864865,False,True,5,5,16,22,16,20,33,378,168,378,3,10,2,3,0.09523809523809523,1.0,2,1,0.9662162162162162,True,False,5,5,False
2021-04-30,AI/hyperscale,7,5,2,23,4,5,23,723364600.2526,1795946.8235999998,-721568653.4289999,5,1,0.48,False,True,7,7,0,0,0,0,0,0,0,0,0,0,0,0,,,0,0,,False,False,7,7,False
2021-04-30,clean_energy,6,5,0,34,0,5,34,117353521.1817,0.0,-117353521.1817,6,0,0.78,False,True,6,6,1,6,1,5,6,84,56,84,1,2,1,1,0.017857142857142856,1.0,1,0,0.0,False,False,6,6,False
2021-04-30,crypto,5,3,0,26,0,3,26,5107960831.6776,0.0,-5107960831.6776,3,2,0.9733333333333334,True,True,5,5,10,19,10,17,26,342,155,342,3,8,2,3,0.06451612903225806,1.0,2,1,0.4866666666666667,True,False,5,5,False
2021-05-31,AI/hyperscale,7,5,2,25,4,5,25,8076842878.643199,1795946.8235999998,-8075046931.819599,5,2,0.6578947368421053,True,True,7,7,0,0,0,0,0,0,0,0,0,0,0,0,,,0,0,,False,False,7,7,False
2021-05-31,clean_energy,6,6,0,37,0,6,37,130222085.72279999,0.0,-130222085.72279999,6,1,0.861842105263158,False,True,6,6,2,6,2,4,6,82,54,82,2,4,2,2,0.037037037037037035,1.0,1,0,0.9605263157894737,False,False,6,6,False
2021-05-31,crypto,5,3,0,24,0,3,24,5076549034.205,0.0,-5076549034.205,3,2,0.9473684210526315,True,True,5,5,6,14,6,14,20,312,136,312,3,6,3,3,0.04411764705882353,1.0,2,1,0.9342105263157894,True,False,5,5,False
2021-06-30,AI/hyperscale,7,5,0,22,1,5,22,7565287498.135599,48988.4,-7565238509.7355995,5,3,0.922077922077922,True,True,7,7,0,0,0,0,0,0,0,0,0,0,0,0,,,0,0,,False,False,7,7,False
2021-06-30,clean_energy,6,6,0,29,0,6,29,81194856.5555,0.0,-81194856.5555,6,0,0.7532467532467533,False,True,6,6,1,5,1,3,4,81,51,81,1,4,1,2,0.0196078431372549,1.0,2,0,0.474025974025974,False,False,6,6,False
2021-06-30,crypto,5,3,0,19,0,3,19,5004652554.185,0.0,-5004652554.185,3,1,0.935064935064935,False,True,5,5,5,12,4,12,15,240,115,240,5,7,3,3,0.034782608695652174,1.0,2,1,0.922077922077922,True,False,5,5,False
2021-07-31,AI/hyperscale,7,5,0,20,0,5,20,7580374788.1086,0.0,-7580374788.1086,5,3,0.9743589743589743,True,True,7,7,0,0,0,0,0,0,0,0,0,0,0,0,,,0,0,,False,False,7,7,False
2021-07-31,clean_energy,6,6,0,28,0,6,28,76028891.12709999,0.0,-76028891.12709999,6,0,0.782051282051282,False,True,6,6,1,4,1,3,4,71,48,71,1,3,1,2,0.020833333333333332,1.0,2,0,0.46794871794871795,False,False,6,6,False
2021-07-31,crypto,5,3,0,7,3,3,7,77865412.13739999,49999.8,-77815412.33739999,3,0,0.0,False,True,5,5,5,12,4,12,14,196,104,196,4,6,2,3,0.038461538461538464,1.0,2,1,0.9166666666666667,True,False,5,5,False
2021-08-31,AI/hyperscale,7,4,0,18,0,4,18,261762583.949,0.0,-261762583.949,5,1,0.35443037974683544,False,True,7,7,0,0,0,0,0,0,0,0,0,0,0,0,,,0,0,,False,False,7,7,False
2021-08-31,clean_energy,6,6,0,25,0,6,25,50433186.996400006,0.0,-50433186.996400006,6,0,0.6835443037974683,False,True,6,6,1,9,1,8,8,67,44,67,1,5,1,2,0.022727272727272728,1.0,2,0,0.4620253164556962,False,False,6,6,False
2021-08-31,crypto,5,4,0,13,3,4,13,292480657.9918,49999.8,-292430658.1918,3,1,0.9113924050632911,False,True,5,5,2,15,2,15,15,143,90,143,2,9,2,3,0.022222222222222223,1.0,2,0,0.8987341772151898,True,False,5,5,False
2021-09-30,AI/hyperscale,7,5,1,24,1,5,24,358872821.7826,74516.99,-358798304.7926,5,1,0.3875,False,True,7,7,0,0,0,0,0,0,0,0,0,0,0,0,,,0,0,,False,False,7,7,False
2021-09-30,clean_energy,6,6,0,18,0,6,18,37212408.44,0.0,-37212408.44,6,0,0.6625000000000001,False,True,6,6,1,8,1,7,7,58,44,58,1,5,1,2,0.022727272727272728,1.0,2,0,0.45625,False,False,6,6,False
2021-09-30,crypto,5,4,0,14,3,4,14,535380161.48880005,49999.8,-535330161.68880004,3,1,0.9,False,True,5,5,2,12,2,12,12,129,85,129,2,9,2,3,0.023529411764705882,1.0,2,0,0.8875,True,False,5,5,False
2021-10-31,AI/hyperscale,7,5,2,23,2,5,23,276164480.4926,477030.585,-275687449.90760005,5,1,0.38271604938271603,False,True,7,7,0,0,0,0,0,0,0,0,0,0,0,0,,,0,0,,False,False,7,7,False
2021-10-31,clean_energy,6,5,0,17,0,5,17,43778018.7872,0.0,-43778018.7872,6,0,0.47530864197530864,False,True,6,6,2,12,2,11,12,62,51,62,1,6,1,2,0.0392156862745098,1.0,2,1,0.4876543209876543,False,False,6,6,False
2021-10-31,crypto,5,3,0,13,0,3,13,598206490.178,0.0,-598206490.178,3,0,0.8888888888888888,False,True,5,5,2,12,2,12,13,121,80,121,2,7,2,3,0.025,1.0,3,0,0.8641975308641975,True,False,5,5,False
2021-11-30,AI/hyperscale,7,5,2,27,2,5,27,3846814034.6571007,477030.585,-3846337004.0721006,5,1,0.5975609756097561,False,True,7,7,0,0,0,0,0,0,0,0,0,0,0,0,,,0,0,,False,False,7,7,False
2021-11-30,clean_energy,6,5,0,25,0,5,25,79346612.0269,0.0,-79346612.0269,6,0,0.4817073170731707,False,True,6,6,1,10,1,9,10,58,48,57,1,7,1,2,0.020833333333333332,0.9827586206896551,2,0,0.4451219512195122,False,False,6,6,False
2021-11-30,crypto,5,3,0,13,0,3,13,574318536.9337,0.0,-574318536.9337,4,2,0.9451219512195121,True,True,5,5,5,7,5,6,11,118,77,118,2,5,2,3,0.06493506493506493,1.0,3,2,1.0,True,False,5,5,False
2021-12-31,AI/hyperscale,7,6,2,27,2,6,27,3878538881.1063995,527231.685,-3878011649.4213996,5,2,0.5662650602409639,True,True,7,7,0,0,0,0,0,0,0,0,0,0,0,0,,,0,0,,False,False,7,7,False
2021-12-31,clean_energy,6,5,0,29,0,5,29,90511488.33639999,0.0,-90511488.33639999,6,0,0.5481927710843374,False,True,6,6,2,13,2,11,13,57,43,56,2,8,2,2,0.046511627906976744,0.9824561403508771,2,0,0.9036144578313252,False,False,6,6,False
2021-12-31,crypto,5,4,0,17,0,4,17,377100056.0565999,0.0,-377100056.0565999,4,3,0.9337349397590362,True,True,5,5,9,9,8,8,15,162,87,162,3,8,2,3,0.09195402298850575,1.0,3,2,0.9879518072289156,True,False,5,5,False
2022-01-31,AI/hyperscale,7,6,2,26,2,6,26,3991560980.2764,1455572.41,-3990105407.8664002,5,2,0.5595238095238095,True,True,7,7,0,0,0,0,0,0,0,0,0,0,0,0,,,0,0,,False,False,7,7,False
2022-01-31,clean_energy,6,5,1,24,4,5,24,67826491.19039999,843356.8,-66983134.39039999,6,0,0.5297619047619048,False,True,6,6,1,5,1,4,5,46,37,45,1,3,1,1,0.02702702702702703,0.9782608695652174,2,0,0.4583333333333333,False,False,6,6,False
2022-01-31,crypto,5,4,0,17,0,4,17,254843956.44740003,0.0,-254843956.44740003,4,3,0.9166666666666666,True,True,5,5,8,6,7,5,11,169,91,169,3,5,2,3,0.07692307692307693,1.0,3,1,0.9285714285714286,True,False,5,5,False
2022-02-28,AI/hyperscale,7,6,3,19,3,6,19,409057308.4226,2456333.88,-406600974.5426,6,2,0.24705882352941178,True,True,7,7,0,0,0,0,0,0,0,0,0,0,0,0,,,0,0,,False,False,7,7,False
2022-02-28,clean_energy,6,5,1,20,6,5,20,46191237.7702,5860061.5264,-40331176.2438,6,0,0.4411764705882353,False,True,6,6,2,4,2,3,5,56,43,56,2,3,2,1,0.046511627906976744,1.0,2,0,0.888235294117647,False,False,6,6,False
2022-02-28,crypto,5,3,1,9,2,3,9,49982752.909899995,213131.26,-49769621.6499,4,1,0.8941176470588235,False,True,5,5,5,6,4,6,9,182,94,182,2,5,1,3,0.0425531914893617,1.0,3,1,0.0,True,False,5,5,False
2022-03-31,AI/hyperscale,7,5,4,21,4,5,21,799089267.2273002,2609119.766,-796480147.4613001,6,2,0.3430232558139535,True,True,7,7,0,0,0,0,0,0,0,0,0,0,0,0,,,0,0,,False,False,7,7,False
2022-03-31,clean_energy,6,5,1,21,6,5,21,67754167.2459,5860061.5264,-61894105.719500005,6,0,0.5697674418604651,False,True,6,6,1,1,1,1,2,63,47,63,1,1,1,1,0.02127659574468085,1.0,2,0,0.43023255813953487,False,False,6,6,False
2022-03-31,crypto,5,1,1,3,2,1,3,2947922.9461000003,213131.26,-2734791.6861000005,4,0,0.0,False,True,5,5,1,4,1,4,5,127,77,127,1,4,1,3,0.012987012987012988,1.0,3,0,0.0,True,False,5,5,False
2022-04-30,AI/hyperscale,7,6,3,26,3,6,26,1118240365.5135999,1352674.766,-1116887690.7475998,6,1,0.3505747126436782,False,True,7,7,0,0,0,0,0,0,0,0,0,0,0,0,,,0,0,,False,False,7,7,False
2022-04-30,clean_energy,6,5,1,22,5,5,22,66809697.3965,5712812.7264,-61096884.670099996,6,0,0.5689655172413792,False,True,6,6,1,2,1,2,3,71,52,71,1,1,1,1,0.019230769230769232,1.0,2,0,0.42528735632183906,False,False,6,6,False
2022-04-30,crypto,5,1,2,2,3,2,2,254188.86609999998,75596402.26,75342213.3939,4,0,0.40229885057471265,False,True,5,5,2,6,2,6,8,107,66,107,2,5,2,3,0.030303030303030304,1.0,3,0,0.8045977011494253,True,False,5,5,False
2022-05-31,AI/hyperscale,7,5,2,23,3,5,23,958526075.8701,13108398.1561,-945417677.714,6,1,0.28409090909090906,False,True,7,7,0,0,0,0,0,0,0,0,0,0,0,0,,,0,0,,False,False,7,7,False
2022-05-31,clean_energy,6,5,1,20,1,5,20,53567797.8629,701950.0,-52865847.8629,6,0,0.5170454545454546,False,True,6,6,1,7,1,4,4,70,51,70,1,5,1,2,0.0196078431372549,1.0,2,0,0.44886363636363635,False,False,6,6,False
2022-05-31,crypto,5,1,3,2,5,2,2,117637.528,83601381.4294,83483743.9014,4,0,0.3977272727272727,False,True,5,5,1,5,1,5,6,59,46,59,1,5,1,3,0.021739130434782608,1.0,3,0,0.0,True,False,5,5,False
2022-06-30,AI/hyperscale,7,5,1,21,1,5,21,917816478.2279999,12756484.8601,-905059993.3678999,6,1,0.4662921348314607,False,True,7,7,0,0,0,0,0,0,0,0,0,0,0,0,,,0,0,,False,False,7,7,False
2022-06-30,clean_energy,6,4,1,21,2,4,21,43578792.441,1705585.6,-41873206.841,6,0,0.4662921348314607,False,True,6,6,1,8,1,5,5,75,48,75,1,6,1,2,0.020833333333333332,1.0,2,0,0.4438202247191011,False,False,6,6,False
2022-06-30,crypto,5,1,3,2,6,2,2,117637.528,84209381.4294,84091743.9014,4,0,0.39325842696629215,False,True,5,5,1,5,1,5,6,56,44,56,1,5,1,3,0.022727272727272728,1.0,3,0,0.0,True,False,5,5,False
2022-07-31,AI/hyperscale,7,4,1,17,1,4,17,477045328.0598,12756484.8601,-464288843.19970006,6,0,0.46111111111111114,False,True,7,7,0,0,0,0,0,0,0,0,0,0,0,0,,,0,0,,False,False,7,7,False
2022-07-31,clean_energy,6,4,1,22,3,4,22,63652192.5943,2716747.5700000003,-60935445.0243,6,0,0.5888888888888889,False,True,6,6,1,4,1,4,4,85,50,85,1,4,1,2,0.02,1.0,2,0,0.4388888888888889,False,False,6,6,False
2022-07-31,crypto,5,1,3,1,5,1,1,73312.528,8826110.429399999,8752797.901399998,4,0,0.0,False,True,5,5,1,3,1,3,4,54,43,54,1,3,1,2,0.023255813953488372,1.0,3,0,0.0,True,False,5,5,False
2022-08-31,AI/hyperscale,7,4,0,17,0,4,17,427956072.8787,0.0,-427956072.8787,6,0,0.36813186813186816,False,True,7,7,0,0,0,0,0,0,0,0,0,0,0,0,,,0,0,,False,False,7,7,False
2022-08-31,clean_energy,6,4,2,25,5,4,25,73703156.24040002,3264710.25,-70438445.99040002,6,0,0.6373626373626373,False,True,6,6,2,4,2,4,5,85,51,85,2,3,1,1,0.0392156862745098,1.0,2,1,0.4835164835164835,False,False,6,6,False
2022-08-31,crypto,5,1,3,1,3,1,1,595490.88,1795469.23,1199978.35,4,0,0.0,False,True,5,5,3,3,3,2,5,80,57,80,3,3,2,2,0.05263157894736842,1.0,3,1,0.8021978021978022,True,False,5,5,False
2022-09-30,AI/hyperscale,7,4,0,16,0,4,16,61166183.2513725,0.0,-61166183.2513725,6,0,0.07608695652173914,False,True,7,7,0,0,0,0,0,0,0,0,0,0,0,0,,,0,0,,False,False,7,7,False
2022-09-30,clean_energy,6,5,2,23,4,5,23,80533728.12779999,2261074.65,-78272653.47779998,6,0,0.6304347826086956,False,True,6,6,3,5,3,5,7,82,54,82,3,3,2,2,0.05555555555555555,1.0,2,1,0.9130434782608696,False,False,6,6,False
2022-09-30,crypto,5,2,2,2,2,2,2,662390.88,3018433.54,2356042.66,4,0,0.4076086956521739,False,True,5,5,4,5,4,4,7,88,59,88,4,4,3,2,0.06779661016949153,1.0,3,1,0.9021739130434783,True,False,5,5,False
2022-10-31,AI/hyperscale,7,5,1,17,1,5,17,93719428.6233725,13600000.0,-80119428.6233725,6,0,0.3225806451612903,False,True,7,7,0,0,0,0,0,0,0,0,0,0,0,0,,,0,0,,False,False,7,7,False
2022-10-31,clean_energy,6,5,1,18,2,5,18,74034984.0847,1049798.28,-72985185.8047,6,0,0.489247311827957,False,True,6,6,3,3,3,3,6,55,42,54,2,2,2,2,0.07142857142857142,0.9818181818181818,2,1,0.913978494623656,False,False,6,6,False
2022-10-31,crypto,5,2,2,2,2,2,2,662390.88,4542278.21,3879887.33,4,0,0.4032258064516129,False,True,5,5,3,4,3,4,6,81,55,81,3,3,3,1,0.05454545454545454,1.0,3,0,0.8602150537634409,True,False,5,5,False
2022-11-30,AI/hyperscale,7,5,1,20,2,5,20,103102028.9608725,38426058.6904,-64675970.270472504,6,0,0.37765957446808507,False,True,7,7,0,0,0,0,0,0,0,0,0,0,0,0,,,0,0,,False,False,7,7,False
2022-11-30,clean_energy,6,5,0,20,0,5,20,81469315.35370001,0.0,-81469315.35370001,6,0,0.43617021276595747,False,True,6,6,2,6,2,5,7,55,39,54,1,4,1,2,0.05128205128205128,0.9818181818181818,2,1,0.4946808510638298,False,False,6,6,False
2022-11-30,crypto,5,2,1,5,1,2,5,7621847.032900001,4477547.38,-3144299.652900001,4,0,0.42021276595744683,False,True,5,5,1,4,1,4,4,54,41,54,1,3,1,1,0.024390243902439025,1.0,3,0,0.0,True,False,5,5,False
2022-12-31,AI/hyperscale,7,6,1,22,2,6,22,117326448.95780002,38426058.6904,-78900390.26740003,6,0,0.34736842105263155,False,True,7,7,0,0,0,0,0,0,0,0,0,0,0,0,,,0,0,,False,False,7,7,False
2022-12-31,clean_energy,6,5,0,24,0,5,24,91685956.6927,0.0,-91685956.6927,6,1,0.4894736842105263,False,True,6,6,1,4,1,3,4,50,37,49,1,3,1,1,0.02702702702702703,0.98,2,0,0.42105263157894735,False,False,6,6,False
2022-12-31,crypto,5,2,2,7,5,2,7,16538831.8243,5398909.7700000005,-11139922.054299999,4,0,0.42105263157894735,False,True,5,5,1,1,1,1,2,49,41,49,1,1,1,1,0.024390243902439025,1.0,3,0,0.0,True,False,5,5,False
2023-01-31,AI/hyperscale,7,6,1,23,1,6,23,126137762.7529,24826058.690399997,-101311704.0625,6,0,0.359375,False,True,7,7,0,0,0,0,0,0,0,0,0,0,0,0,,,0,0,,False,False,7,7,False
2023-01-31,clean_energy,6,4,0,19,0,4,19,80844374.30530001,0.0,-80844374.30530001,6,0,0.40625,False,True,6,6,1,9,1,6,7,59,42,59,1,5,1,2,0.023809523809523808,1.0,2,0,0.4166666666666667,False,False,6,6,False
2023-01-31,crypto,5,2,2,7,5,2,7,22106675.2439,5351395.92,-16755279.323900001,4,0,0.4166666666666667,False,True,5,5,6,2,5,2,6,64,54,64,4,2,3,2,0.09259259259259259,1.0,3,2,0.9270833333333334,True,True,5,5,False
2023-02-28,AI/hyperscale,7,6,0,24,0,6,24,121864930.648,0.0,-121864930.648,6,0,0.36597938144329895,False,True,7,7,0,0,0,0,0,0,0,0,0,0,0,0,,,0,0,,False,False,7,7,False
2023-02-28,clean_energy,6,4,1,16,7,4,16,66642418.70950001,2233833.24,-64408585.469500005,6,0,0.36597938144329895,False,True,6,6,1,8,1,5,6,54,38,54,1,5,1,2,0.02631578947368421,1.0,2,0,0.41237113402061853,False,False,6,6,False
2023-02-28,crypto,5,3,2,9,5,3,9,31349059.707900006,4591659.97,-26757399.737900008,4,0,0.845360824742268,False,True,5,5,7,4,6,4,9,76,65,76,4,3,3,2,0.09230769230769231,1.0,3,2,0.9175257731958762,True,True,5,5,False
2023-03-31,AI/hyperscale,7,6,1,24,1,6,24,112363097.3916,18988146.0958,-93374951.2958,6,0,0.3520408163265306,False,True,7,7,0,0,0,0,0,0,0,0,0,0,0,0,,,0,0,,False,False,7,7,False
2023-03-31,clean_energy,6,4,2,15,9,4,15,24961899.5309,2683747.79,-22278151.740900002,6,0,0.4897959183673469,False,True,6,6,1,9,1,6,7,57,43,57,1,5,1,2,0.023255813953488372,1.0,2,0,0.40816326530612246,False,False,6,6,False
2023-03-31,crypto,5,3,2,7,3,3,7,30422768.318299998,2271539.3671999997,-28151228.9511,4,0,0.8316326530612245,False,True,5,5,14,6,13,6,18,112,81,112,4,4,3,2,0.16049382716049382,1.0,3,3,0.9387755102040817,True,True,5,5,False
2023-04-30,AI/hyperscale,7,6,1,24,1,6,24,538470533.6396,18988146.0958,-519482387.54380006,6,1,0.3535353535353536,False,True,7,7,0,0,0,0,0,0,0,0,0,0,0,0,,,0,0,,False,False,7,7,False
2023-04-30,clean_energy,6,4,3,15,10,4,15,19304365.740100004,12743127.912400002,-6561237.827700002,6,0,0.4797979797979798,False,True,6,6,0,9,0,7,7,57,42,57,0,4,0,2,0.0,1.0,2,0,0.0,False,False,6,6,False
2023-04-30,crypto,5,3,2,6,4,3,6,28509262.777900003,840631.7122000001,-27668631.065700002,4,0,0.8333333333333334,False,True,5,5,11,5,11,5,16,114,78,114,3,3,2,2,0.14102564102564102,1.0,3,2,0.9292929292929293,True,True,5,5,False
2023-05-31,AI/hyperscale,7,6,1,27,2,6,27,634868454.1982,38658837.2204,-596209616.9778,6,2,0.575,True,True,7,7,0,0,0,0,0,0,0,0,0,0,0,0,,,0,0,,False,False,7,7,False
2023-05-31,clean_energy,6,4,2,18,3,4,18,21281239.7344,10708316.649400001,-10572923.084999999,6,0,0.46,False,True,6,6,0,7,0,7,7,56,43,56,0,3,0,1,0.0,1.0,2,0,0.0,False,False,6,6,False
2023-05-31,crypto,5,2,2,6,4,2,6,17168542.3295,50133674.5524,32965132.2229,4,0,0.42,False,True,5,5,10,5,10,5,15,134,89,134,3,4,2,2,0.11235955056179775,1.0,3,1,0.81,True,False,5,5,False
2023-06-30,AI/hyperscale,7,6,1,33,2,6,33,1710938057.7528996,19670691.124599997,-1691267366.6282997,6,3,0.6287128712871287,True,True,7,7,0,0,0,0,0,0,0,0,0,0,0,0,,,0,0,,False,False,7,7,False
2023-06-30,clean_energy,6,5,2,17,3,5,17,19338379.4966,11618389.421400001,-7719990.075199997,6,0,0.42574257425742573,False,True,6,6,0,11,0,11,11,60,44,60,0,5,0,2,0.0,1.0,2,0,0.0,False,False,6,6,False
2023-06-30,crypto,5,3,1,14,3,3,14,41720044.9387,50080425.6052,8360380.666500002,4,1,0.8613861386138614,False,True,5,5,4,6,4,6,10,118,84,118,3,3,2,2,0.047619047619047616,1.0,3,1,0.801980198019802,True,False,5,5,False
2023-07-31,AI/hyperscale,7,6,1,31,2,6,31,1242477482.7777,19670691.124599997,-1222806791.6531,6,3,0.5931372549019608,True,True,7,7,0,0,0,0,0,0,0,0,0,0,0,0,,,0,0,,False,False,7,7,False
2023-07-31,clean_energy,6,5,1,18,1,5,18,19728319.2251,1009987.3219999999,-18718331.9031,6,0,0.4068627450980392,False,True,6,6,2,13,2,12,14,65,50,65,1,5,1,2,0.04,1.0,2,1,0.49019607843137253,False,False,6,6,False
2023-07-31,crypto,5,3,1,14,1,3,14,57585374.32040001,50035002.4402,-7550371.880200006,4,1,0.8774509803921569,False,True,5,5,2,10,2,10,12,146,91,146,1,7,1,3,0.02197802197802198,1.0,3,1,0.0,True,False,5,5,False
2023-08-31,AI/hyperscale,7,6,0,29,0,6,29,1202829148.7728,0.0,-1202829148.7728,6,2,0.7184466019417475,True,True,7,7,0,0,0,0,0,0,0,0,0,0,0,0,,,0,0,,False,False,7,7,False
2023-08-31,clean_energy,6,4,2,17,4,4,17,16801017.550199997,2118474.8219999997,-14682542.728199996,6,0,0.15048543689320387,False,True,6,6,10,12,8,11,18,95,58,95,7,5,2,2,0.13793103448275862,1.0,2,2,1.0,False,False,6,6,False
2023-08-31,crypto,5,4,0,13,0,4,13,56844649.63340001,0.0,-56844649.63340001,4,1,0.8980582524271845,False,True,5,5,6,16,5,16,20,146,93,146,6,7,2,3,0.053763440860215055,1.0,3,2,0.9223300970873787,True,False,5,5,False
2023-09-30,AI/hyperscale,7,6,1,21,2,6,21,242758079.232572,10451239.8,-232306839.43257198,6,0,0.5144230769230769,False,True,7,7,0,0,0,0,0,0,0,0,0,0,0,0,,,0,0,,False,False,7,7,False
2023-09-30,clean_energy,6,2,3,12,4,2,12,8246500.0971,5110414.29,-3136085.8071,6,0,0.0,False,True,6,6,11,8,9,7,15,103,67,103,8,5,2,2,0.13432835820895522,1.0,2,2,0.9951923076923077,False,False,6,6,False
2023-09-30,crypto,5,4,0,10,0,4,10,26924262.598,0.0,-26924262.598,4,1,0.8605769230769231,False,True,5,5,6,15,5,15,19,146,94,146,6,8,2,3,0.05319148936170213,1.0,3,2,0.9134615384615384,True,False,5,5,False
2023-10-31,AI/hyperscale,7,5,1,18,2,5,18,207846754.45467198,10451239.8,-197395514.65467197,6,0,0.4666666666666667,False,True,7,7,0,0,0,0,0,0,0,0,0,0,0,0,,,0,0,,False,False,7,7,False
2023-10-31,clean_energy,6,3,3,11,5,3,11,6358894.049999999,80110423.71000001,73751529.66000001,6,0,0.1523809523809524,False,True,6,6,21,5,16,5,21,131,79,131,8,4,2,2,0.20253164556962025,1.0,2,2,1.0,False,False,6,6,False
2023-10-31,crypto,5,4,0,9,0,4,9,7308494.6371,0.0,-7308494.6371,4,1,0.8,False,True,5,5,6,11,5,11,15,128,97,128,6,6,2,3,0.05154639175257732,1.0,3,2,0.9047619047619048,True,False,5,5,False
2023-11-30,AI/hyperscale,7,6,1,23,2,6,23,203536634.763272,10451239.8,-193085394.96327198,6,0,0.44339622641509435,False,True,7,7,0,0,0,0,0,0,0,0,0,0,0,0,,,0,0,,False,False,7,7,False
2023-11-30,clean_energy,6,3,3,9,5,3,9,2617416.7784,80555891.437,77938474.6586,6,0,0.1509433962264151,False,True,6,6,27,5,21,5,26,185,95,184,8,3,2,2,0.22105263157894736,0.9945945945945946,2,2,0.9952830188679245,False,False,6,6,False
2023-11-30,crypto,5,2,0,11,0,2,11,35631491.258,0.0,-35631491.258,4,0,0.41037735849056606,False,True,5,5,2,4,2,4,5,117,90,117,1,3,1,2,0.022222222222222223,1.0,3,0,0.0,True,False,5,5,False
2023-12-31,AI/hyperscale,7,6,0,29,0,6,29,176743008.4591,0.0,-176743008.4591,6,0,0.46728971962616817,False,True,7,7,0,0,0,0,0,0,0,0,0,0,0,0,,,0,0,,False,False,7,7,False
2023-12-31,clean_energy,6,4,3,11,5,4,11,13323885.8508,77060479.647,63736593.7962,6,0,0.40186915887850466,False,True,6,6,29,5,23,5,28,217,101,216,8,3,2,2,0.22772277227722773,0.9953917050691244,2,2,0.9906542056074766,False,False,6,6,False
2023-12-31,crypto,5,4,1,16,1,4,16,180286261.81390002,168100.4879,-180118161.32600003,4,1,0.8598130841121495,False,True,5,5,3,4,3,4,6,156,106,156,2,3,1,3,0.02830188679245283,1.0,3,1,0.0,True,False,5,5,False
2024-01-31,AI/hyperscale,7,6,0,29,0,6,29,237938789.88279998,0.0,-237938789.88279998,6,0,0.5601851851851852,False,True,7,7,0,0,0,0,0,0,0,0,0,0,0,0,,,0,0,,False,False,7,7,False
2024-01-31,clean_energy,6,3,3,8,4,3,8,12074747.617400002,2060470.227,-10014277.390400002,6,0,0.16203703703703703,False,True,6,6,21,1,17,1,18,169,85,169,7,1,2,1,0.2,1.0,2,2,0.9675925925925926,False,False,6,6,False
2024-01-31,crypto,5,5,1,20,1,5,20,302797685.9954,168100.4879,-302629585.5075,4,2,0.8888888888888888,True,True,5,5,2,2,2,2,3,164,103,164,2,2,1,2,0.019417475728155338,1.0,3,0,0.0,True,False,5,5,False
2024-02-29,AI/hyperscale,7,7,0,34,0,7,34,9196363647.659197,0.0,-9196363647.659197,6,1,0.8073394495412844,False,True,7,7,0,0,0,0,0,0,0,0,0,0,0,0,,,0,0,,False,False,7,7,False
2024-02-29,clean_energy,6,4,2,9,3,4,9,14980565.141500002,2105369.0,-12875196.141500002,6,0,0.3532110091743119,False,True,6,6,22,5,17,5,21,137,74,137,7,4,2,2,0.22972972972972974,1.0,2,2,0.963302752293578,False,False,6,6,False
2024-02-29,crypto,5,5,1,30,1,5,30,570139350.7428999,168100.4879,-569971250.2549999,4,2,0.9036697247706422,True,True,5,5,3,11,3,10,13,212,123,212,2,7,2,3,0.024390243902439025,1.0,3,0,0.7522935779816514,True,False,5,5,False
2024-03-31,AI/hyperscale,7,7,0,38,0,7,38,10532355606.15368,0.0,-10532355606.15368,6,2,0.8136363636363637,True,True,7,7,0,0,0,0,0,0,0,0,0,0,0,0,,,0,0,,False,False,7,7,False
2024-03-31,clean_energy,6,4,4,15,4,4,15,12599936.2926,2170395.0,-10429541.2926,6,0,0.2409090909090909,False,True,6,6,17,4,13,4,16,95,60,95,7,3,2,1,0.21666666666666667,1.0,2,2,0.95,False,False,6,6,False
2024-03-31,crypto,5,5,0,30,0,5,30,815340346.2557,0.0,-815340346.2557,4,2,0.9045454545454545,True,True,5,5,3,12,3,11,14,226,135,226,1,7,1,3,0.022222222222222223,1.0,3,1,0.0,True,False,5,5,False
2024-04-30,AI/hyperscale,7,6,0,35,0,6,35,10555326242.616577,0.0,-10555326242.616577,6,2,0.8108108108108107,True,True,7,7,0,0,0,0,0,0,0,0,0,0,0,0,,,0,0,,False,False,7,7,False
2024-04-30,clean_energy,6,4,4,16,4,4,16,22035219.454600003,2170395.0,-19864824.454600003,6,0,0.33783783783783783,False,True,6,6,8,7,6,7,12,82,55,82,4,4,2,2,0.10909090909090909,1.0,2,1,0.8468468468468469,False,False,6,6,False
2024-04-30,crypto,5,4,0,28,0,4,28,861028350.6426,0.0,-861028350.6426,4,2,0.8738738738738738,True,True,5,5,3,15,3,14,17,256,146,256,1,8,1,3,0.02054794520547945,1.0,3,0,0.0,True,False,5,5,False
2024-05-31,AI/hyperscale,7,6,0,41,0,6,41,1702507037.47258,0.0,-1702507037.47258,6,1,0.6473214285714286,False,True,7,7,0,0,0,0,0,0,0,0,0,0,0,0,,,0,0,,False,False,7,7,False
2024-05-31,clean_energy,6,4,3,22,3,5,22,74449233.33680001,988513.0,-73460720.33680001,6,1,0.5892857142857142,False,True,6,6,2,7,2,7,9,61,50,61,2,4,1,2,0.04,1.0,2,0,0.4375,False,False,6,6,False
2024-05-31,crypto,5,4,0,17,0,4,17,590160723.5708001,0.0,-590160723.5708001,4,2,0.8258928571428572,True,True,5,5,3,8,3,8,11,256,144,256,3,6,2,3,0.020833333333333332,1.0,3,0,0.75,True,False,5,5,False
2024-06-30,AI/hyperscale,7,7,0,39,0,7,39,829770271.4693,0.0,-829770271.4693,6,1,0.47787610619469023,False,True,7,7,0,0,0,0,0,0,0,0,0,0,0,0,,,0,0,,False,False,7,7,False
2024-06-30,clean_energy,6,4,1,24,1,5,24,83487104.9617,416972.0,-83070132.9617,6,1,0.6327433628318584,False,True,6,6,5,7,3,7,10,61,47,61,3,5,1,2,0.06382978723404255,1.0,2,1,0.46017699115044247,False,False,6,6,False
2024-06-30,crypto,5,3,0,16,0,4,16,276321169.7528,0.0,-276321169.7528,4,1,0.8805309734513274,False,True,5,5,4,10,4,10,13,245,134,245,4,7,3,3,0.029850746268656716,1.0,3,0,0.8672566371681416,True,False,5,5,False
2024-07-31,AI/hyperscale,7,7,0,43,0,7,43,3472710721.0938,0.0,-3472710721.0938,6,1,0.7938596491228069,False,True,7,7,0,0,0,0,0,0,0,0,0,0,0,0,,,0,0,,False,False,7,7,False
2024-07-31,clean_energy,6,4,0,21,0,5,21,75094876.4771,0.0,-75094876.4771,6,1,0.5877192982456141,False,True,6,6,11,5,6,5,11,82,57,82,5,4,1,2,0.10526315789473684,1.0,2,1,0.47368421052631576,False,False,6,6,False
2024-07-31,crypto,5,4,0,15,0,4,15,122903200.33110002,0.0,-122903200.33110002,5,0,0.8596491228070176,False,True,5,5,7,7,7,7,13,219,132,219,6,4,3,3,0.05303030303030303,1.0,3,2,0.9122807017543859,True,False,5,5,False
2024-08-31,AI/hyperscale,7,7,0,34,0,7,34,3610510406.2681003,0.0,-3610510406.2681003,6,1,0.8304347826086956,False,True,7,7,0,0,0,0,0,0,0,0,0,0,0,0,,,0,0,,False,False,7,7,False
2024-08-31,clean_energy,6,4,0,18,0,5,18,31544912.6895,0.0,-31544912.6895,6,0,0.5826086956521739,False,True,6,6,12,4,6,4,10,91,55,91,7,3,2,2,0.10909090909090909,1.0,2,1,0.8391304347826087,False,False,6,6,False
2024-08-31,crypto,5,5,0,17,0,5,17,113563713.6038,0.0,-113563713.6038,5,1,0.8521739130434782,False,True,5,5,6,8,6,8,13,192,123,192,5,5,3,3,0.04878048780487805,1.0,3,1,0.8608695652173913,True,False,5,5,False
2024-09-30,AI/hyperscale,7,7,0,38,0,7,38,3522742445.8899264,0.0,-3522742445.8899264,6,1,0.8189655172413792,False,True,7,7,0,0,0,0,0,0,0,0,0,0,0,0,,,0,0,,False,False,7,7,False
2024-09-30,clean_energy,6,3,0,13,0,4,13,18591556.9841,0.0,-18591556.9841,6,0,0.5086206896551724,False,True,6,6,9,3,5,3,8,81,49,81,7,2,2,1,0.10204081632653061,1.0,2,1,0.8232758620689655,False,False,6,6,False
2024-09-30,crypto,5,5,0,18,0,5,18,79866108.29710001,0.0,-79866108.29710001,5,2,0.8362068965517241,True,True,5,5,4,7,4,7,11,156,108,156,4,5,3,2,0.037037037037037035,1.0,3,0,0.7241379310344828,True,False,5,5,False
2024-10-31,AI/hyperscale,7,7,0,34,0,7,34,915407940.6698264,0.0,-915407940.6698264,6,1,0.7307692307692308,False,True,7,7,0,0,0,0,0,0,0,0,0,0,0,0,,,0,0,,False,False,7,7,False
2024-10-31,clean_energy,6,3,0,11,0,3,11,18484188.7885,0.0,-18484188.7885,6,0,0.23931623931623933,False,True,6,6,10,2,7,2,9,69,43,69,5,2,2,1,0.16279069767441862,1.0,2,2,0.9145299145299146,False,False,6,6,False
2024-10-31,crypto,5,5,0,18,0,5,18,69407333.8845,0.0,-69407333.8845,5,2,0.8205128205128205,True,True,5,5,3,7,3,7,10,121,89,121,3,4,1,2,0.033707865168539325,1.0,3,1,0.0,True,False,5,5,False
2024-11-30,AI/hyperscale,7,7,0,43,0,7,43,4089553359.7505264,0.0,-4089553359.7505264,6,2,0.8432203389830508,True,True,7,7,0,0,0,0,0,0,0,0,0,0,0,0,,,0,0,,False,False,7,7,False
2024-11-30,clean_energy,6,3,2,10,3,4,10,8040106.0384,2968678.4428,-5071427.5956,6,0,0.3008474576271186,False,True,6,6,10,2,8,2,10,63,41,63,5,1,2,1,0.1951219512195122,1.0,2,1,0.8389830508474576,False,False,6,6,False
2024-11-30,crypto,5,5,0,23,0,5,23,626683879.6312,0.0,-626683879.6312,5,4,0.923728813559322,True,True,5,5,6,8,6,8,14,127,87,127,4,6,2,2,0.06896551724137931,1.0,3,1,0.8898305084745762,True,False,5,5,False
2024-12-31,AI/hyperscale,7,6,0,37,0,6,37,4077053461.3661003,0.0,-4077053461.3661003,6,1,0.7941176470588236,False,True,7,7,0,0,0,0,0,0,0,0,0,0,0,0,,,0,0,,False,False,7,7,False
2024-12-31,clean_energy,6,3,2,8,3,4,8,3168543.5887,2968678.4428,-199865.14590000035,6,0,0.2226890756302521,False,True,6,6,9,2,7,2,9,59,35,59,5,1,2,1,0.2,1.0,2,1,0.8277310924369747,False,False,6,6,False
2024-12-31,crypto,5,4,0,23,0,5,23,702862537.042,0.0,-702862537.042,5,3,0.9159663865546218,True,True,5,5,8,10,8,10,18,140,88,140,5,6,2,2,0.09090909090909091,1.0,3,2,0.9243697478991597,True,False,5,5,False
2025-01-31,AI/hyperscale,7,7,0,41,0,7,41,5119468516.2006,0.0,-5119468516.2006,7,2,0.875,True,True,7,7,0,0,0,0,0,0,0,0,0,0,0,0,,,0,0,,False,False,7,7,False
2025-01-31,clean_energy,6,3,2,8,3,4,8,2770995.7791,2968678.4428,197682.66369999992,6,0,0.22083333333333333,False,True,6,6,5,2,5,2,7,51,30,51,3,1,1,1,0.16666666666666666,1.0,2,1,0.45,False,False,6,6,False
2025-01-31,crypto,5,4,0,22,0,5,22,740987357.3177,0.0,-740987357.3177,5,3,0.9083333333333333,True,True,5,5,8,12,8,12,19,152,96,152,5,7,3,3,0.08333333333333333,1.0,3,1,0.8666666666666667,True,False,5,5,False
2025-02-28,AI/hyperscale,7,7,1,34,1,7,34,2102394115.5311997,947913.4500000001,-2101446202.0811996,7,2,0.8099173553719008,True,True,7,7,0,0,0,0,0,0,0,0,0,0,0,0,,,0,0,,False,False,7,7,False
2025-02-28,clean_energy,6,2,0,6,0,2,6,1852318.7391,0.0,-1852318.7391,6,0,0.0,False,True,6,6,6,5,6,5,9,104,43,104,3,3,2,3,0.13953488372093023,1.0,2,0,0.4297520661157025,False,False,6,6,False
2025-02-28,crypto,5,4,0,16,0,4,16,161591135.2467,0.0,-161591135.2467,5,1,0.8512396694214877,False,True,5,5,6,16,6,15,20,153,101,153,5,8,3,3,0.0594059405940594,1.0,3,1,0.8347107438016529,True,False,5,5,False
2025-03-31,AI/hyperscale,7,6,1,31,2,6,31,1732250735.7045999,1059058.4300000002,-1731191677.2745998,7,1,0.8114754098360656,False,True,7,7,0,0,0,0,0,0,0,0,0,0,0,0,,,0,0,,False,False,7,7,False
2025-03-31,clean_energy,6,4,2,18,2,4,18,12864427.5062,1431600.0,-11432827.5062,6,0,0.2581967213114754,False,True,6,6,6,6,6,6,10,112,54,112,3,4,2,3,0.1111111111111111,1.0,2,0,0.4262295081967213,False,False,6,6,False
2025-03-31,crypto,5,5,2,24,4,5,24,96271762.36880001,744892.16,-95526870.20880002,5,1,0.819672131147541,False,True,5,5,5,12,4,11,14,129,93,129,2,7,1,3,0.043010752688172046,1.0,3,1,0.0,True,False,5,5,False
2025-04-30,AI/hyperscale,7,6,1,30,2,6,30,644020521.822,1059058.4300000002,-642961463.3920001,7,1,0.5365853658536586,False,True,7,7,0,0,0,0,0,0,0,0,0,0,0,0,,,0,0,,False,False,7,7,False
2025-04-30,clean_energy,6,4,3,19,3,4,19,12779465.138400001,1616990.0,-11162475.138400001,6,0,0.24796747967479676,False,True,6,6,10,8,9,8,14,171,85,171,6,4,3,2,0.10588235294117647,1.0,2,0,0.34959349593495936,False,False,6,6,False
2025-04-30,crypto,5,5,2,24,4,5,24,75280868.5231,744892.16,-74535976.3631,5,1,0.8048780487804879,False,True,5,5,4,12,3,10,13,121,89,121,2,5,1,3,0.033707865168539325,1.0,3,1,0.0,True,False,5,5,False
2025-05-31,AI/hyperscale,7,7,1,35,1,7,35,320738733.900701,111144.98,-320627588.92070097,7,0,0.6048387096774194,False,True,7,7,0,0,0,0,0,0,0,0,0,0,0,0,,,0,0,,False,False,7,7,False
2025-05-31,clean_energy,6,4,4,19,4,4,19,17971129.5184,2410880.0,-15560249.518399999,6,0,0.32661290322580644,False,True,6,6,8,14,6,12,16,173,103,173,6,10,2,3,0.05825242718446602,1.0,2,0,0.0,False,False,6,6,False
2025-05-31,crypto,5,5,2,21,5,5,21,101010150.60980001,1758672.16,-99251478.44980001,5,2,0.8467741935483871,True,True,5,5,5,8,4,7,11,119,86,119,5,5,3,3,0.046511627906976744,1.0,3,0,0.8064516129032258,True,False,5,5,False
2025-06-30,AI/hyperscale,7,7,0,45,0,7,45,2673642060.375701,0.0,-2673642060.375701,7,3,0.888,True,True,7,7,0,0,0,0,0,0,0,0,0,0,0,0,,,0,0,,False,False,7,7,False
2025-06-30,clean_energy,6,3,3,12,3,4,12,7230038.9906,1651315.0,-5578723.9906,6,0,0.308,False,True,6,6,24,18,19,15,30,268,138,268,12,9,4,3,0.13768115942028986,1.0,2,1,0.892,False,False,6,6,False
2025-06-30,crypto,5,4,1,16,4,4,16,276180380.9149,2312325.0,-273868055.9149,5,1,0.872,False,True,5,5,3,12,3,11,14,119,86,119,3,6,3,3,0.03488372093023256,1.0,3,0,0.696,True,False,5,5,False
2025-07-31,AI/hyperscale,7,7,1,47,1,7,47,9003835743.8941,112257.6,-9003723486.2941,7,5,0.9126984126984127,True,True,7,7,0,0,0,0,0,0,0,0,0,0,0,0,,,0,0,,False,False,7,7,False
2025-07-31,clean_energy,6,3,2,14,2,4,14,8042589.6449,1465925.0,-6576664.6449,6,0,0.33333333333333337,False,True,6,6,31,26,23,21,40,311,148,311,14,11,4,4,0.1554054054054054,1.0,2,1,0.9206349206349207,False,False,6,6,False
2025-07-31,crypto,5,5,1,18,7,5,18,549190756.5807999,24169275.0,-525021481.58079994,5,3,0.9444444444444444,True,True,5,5,7,12,7,12,18,129,89,129,7,7,3,3,0.07865168539325842,1.0,3,1,0.873015873015873,True,False,5,5,False
2025-08-31,AI/hyperscale,7,7,1,44,1,7,44,9294263986.839397,112257.6,-9294151729.239397,7,6,0.9212598425196851,True,True,7,7,0,0,0,0,0,0,0,0,0,0,0,0,,,0,0,,False,False,7,7,False
2025-08-31,clean_energy,6,3,2,15,2,4,15,8884340.4776,826155.0,-8058185.477600001,6,0,0.2913385826771654,False,True,6,6,34,29,26,23,44,306,147,306,14,13,4,4,0.17687074829931973,1.0,2,1,0.9291338582677164,False,False,6,6,False
2025-08-31,crypto,5,4,1,15,8,4,15,527274766.45150006,24143323.82,-503131442.63150007,5,3,0.9291338582677166,True,True,5,5,8,11,8,11,16,115,80,115,5,6,3,3,0.1,1.0,3,2,0.9133858267716536,True,False,5,5,False
2025-09-30,AI/hyperscale,7,7,2,43,2,7,43,6591429165.1231,1340127.87,-6590089037.2531,7,4,0.921875,True,True,7,7,0,0,0,0,0,0,0,0,0,0,0,0,,,0,0,,False,False,7,7,False
2025-09-30,clean_energy,6,3,1,17,1,4,17,9074220.2045,154120.0,-8920100.2045,6,0,0.328125,False,True,6,6,18,27,14,22,33,215,122,215,12,13,4,4,0.11475409836065574,1.0,2,1,0.84765625,False,False,6,6,False
2025-09-30,crypto,5,5,1,16,8,5,16,361802014.26970005,24056228.82,-337745785.44970006,5,3,0.9453125,True,True,5,5,9,9,9,9,14,117,82,117,5,4,3,3,0.10975609756097561,1.0,3,2,0.9296875,True,False,5,5,False
2025-10-31,AI/hyperscale,7,7,1,43,1,7,43,1665950403.3877997,1227870.27,-1664722533.1177998,7,3,0.8914728682170543,True,True,7,7,0,0,0,0,0,0,0,0,0,0,0,0,,,0,0,,False,False,7,7,False
2025-10-31,clean_energy,6,3,1,15,1,4,15,12903775.8848,154120.0,-12749655.8848,6,0,0.39534883720930236,False,True,6,6,11,25,11,23,31,225,143,225,9,13,5,4,0.07692307692307693,1.0,2,0,0.8255813953488372,False,False,6,6,False
2025-10-31,crypto,5,5,1,15,4,5,15,105822286.19600004,4515582.699999999,-101306703.49600004,5,2,0.937984496124031,True,True,5,5,6,14,6,13,15,106,81,106,4,6,2,3,0.07407407407407407,1.0,3,1,0.813953488372093,True,False,5,5,False
2025-11-30,AI/hyperscale,7,7,1,44,1,7,44,1345788975.8199,1227870.27,-1344561105.5499,7,3,0.8384615384615385,True,True,7,7,0,0,0,0,0,0,0,0,0,0,0,0,,,0,0,,False,False,7,7,False
2025-11-30,clean_energy,6,3,1,15,1,4,15,32574462.2521,462755.5,-32111706.7521,6,0,0.7,False,True,6,6,21,31,20,27,40,270,158,270,13,13,5,5,0.12658227848101267,1.0,2,0,0.8500000000000001,False,False,6,6,False
2025-11-30,crypto,5,5,1,19,3,5,19,255901348.69310004,3632561.88,-252268786.81310004,5,2,0.9307692307692308,True,True,5,5,5,18,5,17,19,143,99,143,3,7,1,3,0.050505050505050504,1.0,3,1,0.0,True,False,5,5,False
2025-12-31,AI/hyperscale,7,7,2,43,2,7,43,889980541.6264999,1775349.5299999998,-888205192.0964999,7,2,0.8320610687022901,True,True,7,7,0,0,0,0,0,0,0,0,0,0,0,0,,,0,0,,False,False,7,7,False
2025-12-31,clean_energy,6,5,2,16,2,5,16,41337589.3433,550037.5,-40787551.8433,6,0,0.7977099236641221,False,True,6,6,31,37,28,32,51,318,186,318,12,13,5,4,0.15053763440860216,1.0,2,0,0.7595419847328244,False,False,6,6,False
2025-12-31,crypto,5,5,1,18,2,5,18,265543738.12809998,2421111.88,-263122626.24809998,5,3,0.9236641221374046,True,True,5,5,4,17,4,16,18,160,109,160,3,8,1,3,0.03669724770642202,1.0,3,1,0.0,True,False,5,5,False
2026-01-31,AI/hyperscale,7,7,2,41,2,7,41,770168019.9429998,1775349.5299999998,-768392670.4129999,7,2,0.8257575757575758,True,True,7,7,0,0,0,0,0,0,0,0,0,0,0,0,,,0,0,,False,False,7,7,False
2026-01-31,clean_energy,6,5,2,15,2,5,15,38712054.6597,550037.5,-38162017.1597,6,0,0.7689393939393939,False,True,6,6,46,43,41,34,68,403,212,403,13,19,5,6,0.19339622641509435,1.0,3,1,0.7575757575757576,True,False,6,6,False
2026-01-31,crypto,5,4,1,16,3,4,16,243364808.85879993,984887.88,-242379920.97879994,5,1,0.8409090909090909,False,True,5,5,2,15,2,15,16,162,107,162,2,10,1,3,0.018691588785046728,1.0,3,0,0.0,True,False,5,5,False
2026-02-28,AI/hyperscale,7,7,2,37,3,7,37,797205668.6129999,3762099.53,-793443569.083,7,2,0.849624060150376,True,True,7,7,4,14,3,9,9,170,11,170,3,5,1,1,0.2727272727272727,1.0,0,0,,False,False,7,7,False
2026-02-28,clean_energy,6,4,2,14,2,4,14,23157283.0069,347165.65,-22810117.356900003,6,0,0.6090225563909775,False,True,6,6,67,48,58,42,91,704,270,704,19,20,6,6,0.21481481481481482,1.0,3,1,0.8195488721804511,True,False,6,6,False
2026-02-28,crypto,5,3,1,11,3,3,11,114637360.59090002,880079.88,-113757280.71090002,5,1,0.7894736842105263,False,True,5,5,7,13,5,13,16,215,121,215,6,11,3,4,0.04132231404958678,1.0,3,0,0.631578947368421,True,False,5,5,False
2026-03-31,AI/hyperscale,7,7,1,31,1,7,31,864647655.1833,1986750.0,-862660905.1833,7,2,0.8507462686567164,True,True,7,7,43,103,31,63,67,1398,101,1398,18,23,5,5,0.3069306930693069,1.0,0,0,,False,False,7,7,False
2026-03-31,clean_energy,6,5,2,28,2,5,28,37384310.1639,408912.4,-36975397.763900004,6,0,0.708955223880597,False,True,6,6,111,53,101,46,135,1085,333,1085,22,20,6,6,0.3033033033033033,1.0,4,3,1.0,True,True,6,6,False
2026-03-31,crypto,5,3,1,13,3,3,13,79874058.76460001,1130026.46,-78744032.30460002,5,0,0.6194029850746269,False,True,5,5,19,19,14,19,30,386,165,386,13,13,5,5,0.08484848484848485,1.0,3,0,0.746268656716418,True,False,5,5,False
2026-04-30,AI/hyperscale,7,7,1,33,1,7,33,732686710.9437,1986750.0,-730699960.9437,7,1,0.7851851851851852,False,True,7,7,132,276,98,155,179,3970,251,3970,27,26,5,5,0.3904382470119522,1.0,0,0,,False,False,7,7,False
2026-04-30,clean_energy,6,4,2,27,2,4,27,42908310.2122,408912.4,-42499397.8122,6,0,0.6222222222222222,False,True,6,6,114,63,102,55,140,1186,355,1186,24,23,6,6,0.28732394366197184,1.0,4,4,0.9888888888888889,True,True,6,6,False
2026-04-30,crypto,5,3,1,11,1,3,11,68704907.5261,249946.58000000002,-68454960.9461,5,0,0.6518518518518519,False,True,5,5,26,22,21,20,35,519,216,519,15,15,5,5,0.09722222222222222,1.0,3,1,0.8148148148148148,True,False,5,5,False
2026-05-31,AI/hyperscale,7,7,0,33,0,7,33,666415029.2802039,0.0,-666415029.2802039,7,1,0.7132352941176471,False,True,7,7,205,428,157,236,279,6122,410,6122,36,36,7,7,0.3829268292682927,1.0,0,0,,False,False,7,7,False
2026-05-31,clean_energy,6,5,2,24,2,5,24,40747797.011099994,486510.33,-40261286.681099996,6,0,0.5404411764705882,False,True,6,6,89,61,79,52,115,954,329,954,18,22,6,6,0.24012158054711247,1.0,4,3,0.9779411764705883,True,True,6,6,False
2026-05-31,crypto,5,4,1,12,1,4,12,25235687.3121,255413.93000000002,-24980273.3821,5,1,0.6985294117647058,False,True,5,5,40,27,33,24,49,654,248,654,16,15,5,5,0.13306451612903225,1.0,3,2,0.9264705882352942,True,True,5,5,False
2026-06-30,AI/hyperscale,7,7,1,30,1,7,30,845074281.757604,373570.0,-844700711.757604,7,2,0.6496350364963503,True,True,7,7,291,605,218,326,381,8647,524,8647,40,36,7,7,0.41603053435114506,1.0,0,0,,False,False,7,7,False
2026-06-30,clean_energy,6,5,1,21,2,5,21,20672990.2318,391391.58,-20281598.651800003,6,0,0.5912408759124088,False,True,6,6,50,58,41,48,76,686,291,686,17,20,5,6,0.140893470790378,1.0,4,2,0.8941605839416058,True,False,6,6,False
2026-06-30,crypto,5,4,1,14,2,4,14,42892952.5858,1014221.4500000001,-41878731.1358,5,1,0.8248175182481752,False,True,5,5,42,22,35,19,46,698,250,698,15,13,5,5,0.14,1.0,3,2,0.9197080291970803,True,True,5,5,False
2026-07-31,AI/hyperscale,7,7,1,27,1,7,27,835256547.2348039,373570.0,-834882977.2348039,7,1,0.5797101449275363,False,True,7,7,325,712,241,373,429,10514,580,10514,41,36,7,7,0.41551724137931034,1.0,0,0,,False,False,7,7,False
2026-07-31,clean_energy,6,5,1,21,2,5,21,14341867.692200001,391391.58,-13950476.112200001,6,0,0.4746376811594203,False,True,6,6,55,53,45,44,77,778,288,778,13,18,5,6,0.15625,1.0,4,1,0.7536231884057971,True,False,6,6,False
2026-07-31,crypto,5,4,1,15,2,4,15,41094065.9158,1014221.4500000001,-40079844.465799995,5,1,0.7971014492753623,False,True,5,5,44,19,36,17,46,762,255,762,15,12,5,5,0.1411764705882353,1.0,3,1,0.8188405797101449,True,False,5,5,False
2026-08-31,AI/hyperscale,7,7,1,19,1,7,19,1128832636.4694397,373570.0,-1128459066.4694397,7,1,0.6906474820143885,False,True,7,7,296,697,217,357,400,9715,521,9715,41,36,7,7,0.4165067178502879,1.0,0,0,,False,False,7,7,False
2026-08-31,clean_energy,6,4,1,12,1,4,12,5998093.3961,53910.0,-5944183.3961,6,0,0.46402877697841727,False,True,6,6,62,46,52,36,76,740,247,740,16,18,6,6,0.21052631578947367,1.0,4,1,0.8741007194244604,True,False,6,6,False
2026-08-31,crypto,5,4,1,13,2,5,13,29928279.2817,1008754.1000000001,-28919525.1817,5,1,0.7553956834532374,False,True,5,5,33,13,28,12,35,578,209,578,15,11,5,5,0.1339712918660287,1.0,3,0,0.8129496402877698,True,False,5,5,False
