id,rotation,floor,cap,step,cost_bps,capex_mode,benchmark,total,benchmark_total,excess_total,max_dd,benchmark_dd,dd_diff,positive_excess_months,rolling36_positive,rolling36_min_excess,bootstrap
A,price,0.1,0.5,0.1,50,normal,SPY,13.416781710461713,4.179257216372781,2.2520830505170797,-0.46354122039433465,-0.23927986806657908,-0.22426135232775557,0.5466666666666666,0.6347826086956522,-0.4234725264822514,"{'n': 2000, 'block': 12, 'excess_p025': -0.3384314555278694, 'excess_median': 3.009874990351496, 'excess_p975': 32.03576024156969, 'prob_excess_positive': 0.929, 'boot_active_maxdd_p025': -0.7038632919568503, 'boot_active_maxdd_median': -0.42312951657591363, 'boot_active_maxdd_p975': -0.22710497209300504}"
A,price,0.1,0.5,0.1,50,normal,static6040,13.416781710461713,0.5481735915114052,8.980757610795711,-0.46354122039433465,-0.06890481408750015,-0.3946364063068345,0.6133333333333333,0.991304347826087,-0.15006881439484754,"{'n': 2000, 'block': 12, 'excess_p025': 0.32364180667617465, 'excess_median': 10.846964778394586, 'excess_p975': 139.90087852110318, 'prob_excess_positive': 0.987, 'boot_active_maxdd_p025': -0.7024874970377406, 'boot_active_maxdd_median': -0.46338407765638906, 'boot_active_maxdd_p975': -0.2131425582439458}"
A,price,0.1,0.5,0.1,50,delay3,SPY,13.416781710461713,4.179257216372781,2.2520830505170797,-0.46354122039433465,-0.23927986806657908,-0.22426135232775557,0.5466666666666666,0.6347826086956522,-0.4234725264822514,"{'n': 2000, 'block': 12, 'excess_p025': -0.3384314555278694, 'excess_median': 3.009874990351496, 'excess_p975': 32.03576024156969, 'prob_excess_positive': 0.929, 'boot_active_maxdd_p025': -0.7038632919568503, 'boot_active_maxdd_median': -0.42312951657591363, 'boot_active_maxdd_p975': -0.22710497209300504}"
A,price,0.1,0.5,0.1,50,delay3,static6040,13.416781710461713,0.5481735915114052,8.980757610795711,-0.46354122039433465,-0.06890481408750015,-0.3946364063068345,0.6133333333333333,0.991304347826087,-0.15006881439484754,"{'n': 2000, 'block': 12, 'excess_p025': 0.32364180667617465, 'excess_median': 10.846964778394586, 'excess_p975': 139.90087852110318, 'prob_excess_positive': 0.987, 'boot_active_maxdd_p025': -0.7024874970377406, 'boot_active_maxdd_median': -0.46338407765638906, 'boot_active_maxdd_p975': -0.2131425582439458}"
A,price,0.1,0.5,0.1,50,delay6,SPY,13.416781710461713,4.179257216372781,2.2520830505170797,-0.46354122039433465,-0.23927986806657908,-0.22426135232775557,0.5466666666666666,0.6347826086956522,-0.4234725264822514,"{'n': 2000, 'block': 12, 'excess_p025': -0.3384314555278694, 'excess_median': 3.009874990351496, 'excess_p975': 32.03576024156969, 'prob_excess_positive': 0.929, 'boot_active_maxdd_p025': -0.7038632919568503, 'boot_active_maxdd_median': -0.42312951657591363, 'boot_active_maxdd_p975': -0.22710497209300504}"
A,price,0.1,0.5,0.1,50,delay6,static6040,13.416781710461713,0.5481735915114052,8.980757610795711,-0.46354122039433465,-0.06890481408750015,-0.3946364063068345,0.6133333333333333,0.991304347826087,-0.15006881439484754,"{'n': 2000, 'block': 12, 'excess_p025': 0.32364180667617465, 'excess_median': 10.846964778394586, 'excess_p975': 139.90087852110318, 'prob_excess_positive': 0.987, 'boot_active_maxdd_p025': -0.7024874970377406, 'boot_active_maxdd_median': -0.46338407765638906, 'boot_active_maxdd_p975': -0.2131425582439458}"
A,price,0.1,0.5,0.1,50,delay12,SPY,13.416781710461713,4.179257216372781,2.2520830505170797,-0.46354122039433465,-0.23927986806657908,-0.22426135232775557,0.5466666666666666,0.6347826086956522,-0.4234725264822514,"{'n': 2000, 'block': 12, 'excess_p025': -0.3384314555278694, 'excess_median': 3.009874990351496, 'excess_p975': 32.03576024156969, 'prob_excess_positive': 0.929, 'boot_active_maxdd_p025': -0.7038632919568503, 'boot_active_maxdd_median': -0.42312951657591363, 'boot_active_maxdd_p975': -0.22710497209300504}"
A,price,0.1,0.5,0.1,50,delay12,static6040,13.416781710461713,0.5481735915114052,8.980757610795711,-0.46354122039433465,-0.06890481408750015,-0.3946364063068345,0.6133333333333333,0.991304347826087,-0.15006881439484754,"{'n': 2000, 'block': 12, 'excess_p025': 0.32364180667617465, 'excess_median': 10.846964778394586, 'excess_p975': 139.90087852110318, 'prob_excess_positive': 0.987, 'boot_active_maxdd_p025': -0.7024874970377406, 'boot_active_maxdd_median': -0.46338407765638906, 'boot_active_maxdd_p975': -0.2131425582439458}"
A,price,0.1,0.5,0.1,50,missing,SPY,13.416781710461713,4.179257216372781,2.2520830505170797,-0.46354122039433465,-0.23927986806657908,-0.22426135232775557,0.5466666666666666,0.6347826086956522,-0.4234725264822514,"{'n': 2000, 'block': 12, 'excess_p025': -0.3384314555278694, 'excess_median': 3.009874990351496, 'excess_p975': 32.03576024156969, 'prob_excess_positive': 0.929, 'boot_active_maxdd_p025': -0.7038632919568503, 'boot_active_maxdd_median': -0.42312951657591363, 'boot_active_maxdd_p975': -0.22710497209300504}"
A,price,0.1,0.5,0.1,50,missing,static6040,13.416781710461713,0.5481735915114052,8.980757610795711,-0.46354122039433465,-0.06890481408750015,-0.3946364063068345,0.6133333333333333,0.991304347826087,-0.15006881439484754,"{'n': 2000, 'block': 12, 'excess_p025': 0.32364180667617465, 'excess_median': 10.846964778394586, 'excess_p975': 139.90087852110318, 'prob_excess_positive': 0.987, 'boot_active_maxdd_p025': -0.7024874970377406, 'boot_active_maxdd_median': -0.46338407765638906, 'boot_active_maxdd_p975': -0.2131425582439458}"
A,price,0.1,0.5,0.1,100,normal,SPY,12.993270346320514,4.179257216372781,2.1560519811437753,-0.4645203376658993,-0.23927986806657908,-0.2252404695993202,0.5466666666666666,0.6347826086956522,-0.4325559905562304,"{'n': 2000, 'block': 12, 'excess_p025': -0.3683412240202374, 'excess_median': 2.8805511237122188, 'excess_p975': 31.125149463456395, 'prob_excess_positive': 0.9245, 'boot_active_maxdd_p025': -0.7095689082551836, 'boot_active_maxdd_median': -0.42669898835034786, 'boot_active_maxdd_p975': -0.22918412326073165}"
A,price,0.1,0.5,0.1,100,normal,static6040,12.993270346320514,0.5481735915114052,8.687340039415567,-0.4645203376658993,-0.06890481408750015,-0.39561552357839913,0.6133333333333333,0.991304347826087,-0.1579524647895456,"{'n': 2000, 'block': 12, 'excess_p025': 0.27587250696401294, 'excess_median': 10.480428084146105, 'excess_p975': 135.54284213765584, 'prob_excess_positive': 0.986, 'boot_active_maxdd_p025': -0.7061650865358237, 'boot_active_maxdd_median': -0.46452033766589906, 'boot_active_maxdd_p975': -0.2165013818030875}"
A,price,0.1,0.5,0.1,100,delay3,SPY,12.993270346320514,4.179257216372781,2.1560519811437753,-0.4645203376658993,-0.23927986806657908,-0.2252404695993202,0.5466666666666666,0.6347826086956522,-0.4325559905562304,"{'n': 2000, 'block': 12, 'excess_p025': -0.3683412240202374, 'excess_median': 2.8805511237122188, 'excess_p975': 31.125149463456395, 'prob_excess_positive': 0.9245, 'boot_active_maxdd_p025': -0.7095689082551836, 'boot_active_maxdd_median': -0.42669898835034786, 'boot_active_maxdd_p975': -0.22918412326073165}"
A,price,0.1,0.5,0.1,100,delay3,static6040,12.993270346320514,0.5481735915114052,8.687340039415567,-0.4645203376658993,-0.06890481408750015,-0.39561552357839913,0.6133333333333333,0.991304347826087,-0.1579524647895456,"{'n': 2000, 'block': 12, 'excess_p025': 0.27587250696401294, 'excess_median': 10.480428084146105, 'excess_p975': 135.54284213765584, 'prob_excess_positive': 0.986, 'boot_active_maxdd_p025': -0.7061650865358237, 'boot_active_maxdd_median': -0.46452033766589906, 'boot_active_maxdd_p975': -0.2165013818030875}"
A,price,0.1,0.5,0.1,100,delay6,SPY,12.993270346320514,4.179257216372781,2.1560519811437753,-0.4645203376658993,-0.23927986806657908,-0.2252404695993202,0.5466666666666666,0.6347826086956522,-0.4325559905562304,"{'n': 2000, 'block': 12, 'excess_p025': -0.3683412240202374, 'excess_median': 2.8805511237122188, 'excess_p975': 31.125149463456395, 'prob_excess_positive': 0.9245, 'boot_active_maxdd_p025': -0.7095689082551836, 'boot_active_maxdd_median': -0.42669898835034786, 'boot_active_maxdd_p975': -0.22918412326073165}"
A,price,0.1,0.5,0.1,100,delay6,static6040,12.993270346320514,0.5481735915114052,8.687340039415567,-0.4645203376658993,-0.06890481408750015,-0.39561552357839913,0.6133333333333333,0.991304347826087,-0.1579524647895456,"{'n': 2000, 'block': 12, 'excess_p025': 0.27587250696401294, 'excess_median': 10.480428084146105, 'excess_p975': 135.54284213765584, 'prob_excess_positive': 0.986, 'boot_active_maxdd_p025': -0.7061650865358237, 'boot_active_maxdd_median': -0.46452033766589906, 'boot_active_maxdd_p975': -0.2165013818030875}"
A,price,0.1,0.5,0.1,100,delay12,SPY,12.993270346320514,4.179257216372781,2.1560519811437753,-0.4645203376658993,-0.23927986806657908,-0.2252404695993202,0.5466666666666666,0.6347826086956522,-0.4325559905562304,"{'n': 2000, 'block': 12, 'excess_p025': -0.3683412240202374, 'excess_median': 2.8805511237122188, 'excess_p975': 31.125149463456395, 'prob_excess_positive': 0.9245, 'boot_active_maxdd_p025': -0.7095689082551836, 'boot_active_maxdd_median': -0.42669898835034786, 'boot_active_maxdd_p975': -0.22918412326073165}"
A,price,0.1,0.5,0.1,100,delay12,static6040,12.993270346320514,0.5481735915114052,8.687340039415567,-0.4645203376658993,-0.06890481408750015,-0.39561552357839913,0.6133333333333333,0.991304347826087,-0.1579524647895456,"{'n': 2000, 'block': 12, 'excess_p025': 0.27587250696401294, 'excess_median': 10.480428084146105, 'excess_p975': 135.54284213765584, 'prob_excess_positive': 0.986, 'boot_active_maxdd_p025': -0.7061650865358237, 'boot_active_maxdd_median': -0.46452033766589906, 'boot_active_maxdd_p975': -0.2165013818030875}"
A,price,0.1,0.5,0.1,100,missing,SPY,12.993270346320514,4.179257216372781,2.1560519811437753,-0.4645203376658993,-0.23927986806657908,-0.2252404695993202,0.5466666666666666,0.6347826086956522,-0.4325559905562304,"{'n': 2000, 'block': 12, 'excess_p025': -0.3683412240202374, 'excess_median': 2.8805511237122188, 'excess_p975': 31.125149463456395, 'prob_excess_positive': 0.9245, 'boot_active_maxdd_p025': -0.7095689082551836, 'boot_active_maxdd_median': -0.42669898835034786, 'boot_active_maxdd_p975': -0.22918412326073165}"
A,price,0.1,0.5,0.1,100,missing,static6040,12.993270346320514,0.5481735915114052,8.687340039415567,-0.4645203376658993,-0.06890481408750015,-0.39561552357839913,0.6133333333333333,0.991304347826087,-0.1579524647895456,"{'n': 2000, 'block': 12, 'excess_p025': 0.27587250696401294, 'excess_median': 10.480428084146105, 'excess_p975': 135.54284213765584, 'prob_excess_positive': 0.986, 'boot_active_maxdd_p025': -0.7061650865358237, 'boot_active_maxdd_median': -0.46452033766589906, 'boot_active_maxdd_p975': -0.2165013818030875}"
B,price,0.1,0.5,0.15,50,normal,SPY,14.192592352107924,4.179257216372781,2.4394322881237365,-0.4635511628025526,-0.23927986806657908,-0.22427129473597351,0.5466666666666666,0.6434782608695652,-0.42239729274721727,"{'n': 2000, 'block': 12, 'excess_p025': -0.36472607269306434, 'excess_median': 3.1016492408128538, 'excess_p975': 35.15404370071242, 'prob_excess_positive': 0.93, 'boot_active_maxdd_p025': -0.7063429254820407, 'boot_active_maxdd_median': -0.425202212866281, 'boot_active_maxdd_p975': -0.23245863452389734}"
B,price,0.1,0.5,0.15,50,normal,static6040,14.192592352107924,0.5481735915114052,9.529010760211866,-0.4635511628025526,-0.06890481408750015,-0.39464634871505244,0.62,0.9826086956521739,-0.09817096950736492,"{'n': 2000, 'block': 12, 'excess_p025': 0.300980355594916, 'excess_median': 11.226977834421334, 'excess_p975': 154.87059692076247, 'prob_excess_positive': 0.9875, 'boot_active_maxdd_p025': -0.705416792894299, 'boot_active_maxdd_median': -0.4635511628025525, 'boot_active_maxdd_p975': -0.2199559319739541}"
B,price,0.1,0.5,0.15,50,delay3,SPY,14.192592352107924,4.179257216372781,2.4394322881237365,-0.4635511628025526,-0.23927986806657908,-0.22427129473597351,0.5466666666666666,0.6434782608695652,-0.42239729274721727,"{'n': 2000, 'block': 12, 'excess_p025': -0.36472607269306434, 'excess_median': 3.1016492408128538, 'excess_p975': 35.15404370071242, 'prob_excess_positive': 0.93, 'boot_active_maxdd_p025': -0.7063429254820407, 'boot_active_maxdd_median': -0.425202212866281, 'boot_active_maxdd_p975': -0.23245863452389734}"
B,price,0.1,0.5,0.15,50,delay3,static6040,14.192592352107924,0.5481735915114052,9.529010760211866,-0.4635511628025526,-0.06890481408750015,-0.39464634871505244,0.62,0.9826086956521739,-0.09817096950736492,"{'n': 2000, 'block': 12, 'excess_p025': 0.300980355594916, 'excess_median': 11.226977834421334, 'excess_p975': 154.87059692076247, 'prob_excess_positive': 0.9875, 'boot_active_maxdd_p025': -0.705416792894299, 'boot_active_maxdd_median': -0.4635511628025525, 'boot_active_maxdd_p975': -0.2199559319739541}"
B,price,0.1,0.5,0.15,50,delay6,SPY,14.192592352107924,4.179257216372781,2.4394322881237365,-0.4635511628025526,-0.23927986806657908,-0.22427129473597351,0.5466666666666666,0.6434782608695652,-0.42239729274721727,"{'n': 2000, 'block': 12, 'excess_p025': -0.36472607269306434, 'excess_median': 3.1016492408128538, 'excess_p975': 35.15404370071242, 'prob_excess_positive': 0.93, 'boot_active_maxdd_p025': -0.7063429254820407, 'boot_active_maxdd_median': -0.425202212866281, 'boot_active_maxdd_p975': -0.23245863452389734}"
B,price,0.1,0.5,0.15,50,delay6,static6040,14.192592352107924,0.5481735915114052,9.529010760211866,-0.4635511628025526,-0.06890481408750015,-0.39464634871505244,0.62,0.9826086956521739,-0.09817096950736492,"{'n': 2000, 'block': 12, 'excess_p025': 0.300980355594916, 'excess_median': 11.226977834421334, 'excess_p975': 154.87059692076247, 'prob_excess_positive': 0.9875, 'boot_active_maxdd_p025': -0.705416792894299, 'boot_active_maxdd_median': -0.4635511628025525, 'boot_active_maxdd_p975': -0.2199559319739541}"
B,price,0.1,0.5,0.15,50,delay12,SPY,14.192592352107924,4.179257216372781,2.4394322881237365,-0.4635511628025526,-0.23927986806657908,-0.22427129473597351,0.5466666666666666,0.6434782608695652,-0.42239729274721727,"{'n': 2000, 'block': 12, 'excess_p025': -0.36472607269306434, 'excess_median': 3.1016492408128538, 'excess_p975': 35.15404370071242, 'prob_excess_positive': 0.93, 'boot_active_maxdd_p025': -0.7063429254820407, 'boot_active_maxdd_median': -0.425202212866281, 'boot_active_maxdd_p975': -0.23245863452389734}"
B,price,0.1,0.5,0.15,50,delay12,static6040,14.192592352107924,0.5481735915114052,9.529010760211866,-0.4635511628025526,-0.06890481408750015,-0.39464634871505244,0.62,0.9826086956521739,-0.09817096950736492,"{'n': 2000, 'block': 12, 'excess_p025': 0.300980355594916, 'excess_median': 11.226977834421334, 'excess_p975': 154.87059692076247, 'prob_excess_positive': 0.9875, 'boot_active_maxdd_p025': -0.705416792894299, 'boot_active_maxdd_median': -0.4635511628025525, 'boot_active_maxdd_p975': -0.2199559319739541}"
B,price,0.1,0.5,0.15,50,missing,SPY,14.192592352107924,4.179257216372781,2.4394322881237365,-0.4635511628025526,-0.23927986806657908,-0.22427129473597351,0.5466666666666666,0.6434782608695652,-0.42239729274721727,"{'n': 2000, 'block': 12, 'excess_p025': -0.36472607269306434, 'excess_median': 3.1016492408128538, 'excess_p975': 35.15404370071242, 'prob_excess_positive': 0.93, 'boot_active_maxdd_p025': -0.7063429254820407, 'boot_active_maxdd_median': -0.425202212866281, 'boot_active_maxdd_p975': -0.23245863452389734}"
B,price,0.1,0.5,0.15,50,missing,static6040,14.192592352107924,0.5481735915114052,9.529010760211866,-0.4635511628025526,-0.06890481408750015,-0.39464634871505244,0.62,0.9826086956521739,-0.09817096950736492,"{'n': 2000, 'block': 12, 'excess_p025': 0.300980355594916, 'excess_median': 11.226977834421334, 'excess_p975': 154.87059692076247, 'prob_excess_positive': 0.9875, 'boot_active_maxdd_p025': -0.705416792894299, 'boot_active_maxdd_median': -0.4635511628025525, 'boot_active_maxdd_p975': -0.2199559319739541}"
B,price,0.1,0.5,0.15,100,normal,SPY,13.687434353292545,4.179257216372781,2.3241402226094805,-0.4644929758618773,-0.23927986806657908,-0.22521310779529824,0.5466666666666666,0.6347826086956522,-0.43292343194510763,"{'n': 2000, 'block': 12, 'excess_p025': -0.3851889746681178, 'excess_median': 2.9607926140137626, 'excess_p975': 33.908631602679044, 'prob_excess_positive': 0.9235, 'boot_active_maxdd_p025': -0.7137516436634326, 'boot_active_maxdd_median': -0.42944383182117185, 'boot_active_maxdd_p975': -0.23698011282998466}"
B,price,0.1,0.5,0.15,100,normal,static6040,13.687434353292545,0.5481735915114052,9.178510800237202,-0.4644929758618773,-0.06890481408750015,-0.39558816177437717,0.62,0.9826086956521739,-0.10631879234442376,"{'n': 2000, 'block': 12, 'excess_p025': 0.2545825640473321, 'excess_median': 10.791454541929273, 'excess_p975': 150.59457034979448, 'prob_excess_positive': 0.9845, 'boot_active_maxdd_p025': -0.7102751486360983, 'boot_active_maxdd_median': -0.4644929758618771, 'boot_active_maxdd_p975': -0.22151737052054438}"
B,price,0.1,0.5,0.15,100,delay3,SPY,13.687434353292545,4.179257216372781,2.3241402226094805,-0.4644929758618773,-0.23927986806657908,-0.22521310779529824,0.5466666666666666,0.6347826086956522,-0.43292343194510763,"{'n': 2000, 'block': 12, 'excess_p025': -0.3851889746681178, 'excess_median': 2.9607926140137626, 'excess_p975': 33.908631602679044, 'prob_excess_positive': 0.9235, 'boot_active_maxdd_p025': -0.7137516436634326, 'boot_active_maxdd_median': -0.42944383182117185, 'boot_active_maxdd_p975': -0.23698011282998466}"
B,price,0.1,0.5,0.15,100,delay3,static6040,13.687434353292545,0.5481735915114052,9.178510800237202,-0.4644929758618773,-0.06890481408750015,-0.39558816177437717,0.62,0.9826086956521739,-0.10631879234442376,"{'n': 2000, 'block': 12, 'excess_p025': 0.2545825640473321, 'excess_median': 10.791454541929273, 'excess_p975': 150.59457034979448, 'prob_excess_positive': 0.9845, 'boot_active_maxdd_p025': -0.7102751486360983, 'boot_active_maxdd_median': -0.4644929758618771, 'boot_active_maxdd_p975': -0.22151737052054438}"
B,price,0.1,0.5,0.15,100,delay6,SPY,13.687434353292545,4.179257216372781,2.3241402226094805,-0.4644929758618773,-0.23927986806657908,-0.22521310779529824,0.5466666666666666,0.6347826086956522,-0.43292343194510763,"{'n': 2000, 'block': 12, 'excess_p025': -0.3851889746681178, 'excess_median': 2.9607926140137626, 'excess_p975': 33.908631602679044, 'prob_excess_positive': 0.9235, 'boot_active_maxdd_p025': -0.7137516436634326, 'boot_active_maxdd_median': -0.42944383182117185, 'boot_active_maxdd_p975': -0.23698011282998466}"
B,price,0.1,0.5,0.15,100,delay6,static6040,13.687434353292545,0.5481735915114052,9.178510800237202,-0.4644929758618773,-0.06890481408750015,-0.39558816177437717,0.62,0.9826086956521739,-0.10631879234442376,"{'n': 2000, 'block': 12, 'excess_p025': 0.2545825640473321, 'excess_median': 10.791454541929273, 'excess_p975': 150.59457034979448, 'prob_excess_positive': 0.9845, 'boot_active_maxdd_p025': -0.7102751486360983, 'boot_active_maxdd_median': -0.4644929758618771, 'boot_active_maxdd_p975': -0.22151737052054438}"
B,price,0.1,0.5,0.15,100,delay12,SPY,13.687434353292545,4.179257216372781,2.3241402226094805,-0.4644929758618773,-0.23927986806657908,-0.22521310779529824,0.5466666666666666,0.6347826086956522,-0.43292343194510763,"{'n': 2000, 'block': 12, 'excess_p025': -0.3851889746681178, 'excess_median': 2.9607926140137626, 'excess_p975': 33.908631602679044, 'prob_excess_positive': 0.9235, 'boot_active_maxdd_p025': -0.7137516436634326, 'boot_active_maxdd_median': -0.42944383182117185, 'boot_active_maxdd_p975': -0.23698011282998466}"
B,price,0.1,0.5,0.15,100,delay12,static6040,13.687434353292545,0.5481735915114052,9.178510800237202,-0.4644929758618773,-0.06890481408750015,-0.39558816177437717,0.62,0.9826086956521739,-0.10631879234442376,"{'n': 2000, 'block': 12, 'excess_p025': 0.2545825640473321, 'excess_median': 10.791454541929273, 'excess_p975': 150.59457034979448, 'prob_excess_positive': 0.9845, 'boot_active_maxdd_p025': -0.7102751486360983, 'boot_active_maxdd_median': -0.4644929758618771, 'boot_active_maxdd_p975': -0.22151737052054438}"
B,price,0.1,0.5,0.15,100,missing,SPY,13.687434353292545,4.179257216372781,2.3241402226094805,-0.4644929758618773,-0.23927986806657908,-0.22521310779529824,0.5466666666666666,0.6347826086956522,-0.43292343194510763,"{'n': 2000, 'block': 12, 'excess_p025': -0.3851889746681178, 'excess_median': 2.9607926140137626, 'excess_p975': 33.908631602679044, 'prob_excess_positive': 0.9235, 'boot_active_maxdd_p025': -0.7137516436634326, 'boot_active_maxdd_median': -0.42944383182117185, 'boot_active_maxdd_p975': -0.23698011282998466}"
B,price,0.1,0.5,0.15,100,missing,static6040,13.687434353292545,0.5481735915114052,9.178510800237202,-0.4644929758618773,-0.06890481408750015,-0.39558816177437717,0.62,0.9826086956521739,-0.10631879234442376,"{'n': 2000, 'block': 12, 'excess_p025': 0.2545825640473321, 'excess_median': 10.791454541929273, 'excess_p975': 150.59457034979448, 'prob_excess_positive': 0.9845, 'boot_active_maxdd_p025': -0.7102751486360983, 'boot_active_maxdd_median': -0.4644929758618771, 'boot_active_maxdd_p975': -0.22151737052054438}"
C,price_plus_capex,0.1,0.5,0.1,50,normal,SPY,13.852888251255083,4.179257216372781,2.3516516239159913,-0.45433889366598545,-0.23927986806657908,-0.21505902559940637,0.58,0.6521739130434783,-0.29795905584579785,"{'n': 2000, 'block': 12, 'excess_p025': -0.19584106527050957, 'excess_median': 2.80239187830887, 'excess_p975': 22.733786748505793, 'prob_excess_positive': 0.9485, 'boot_active_maxdd_p025': -0.6404154582113775, 'boot_active_maxdd_median': -0.3713053710006833, 'boot_active_maxdd_p975': -0.1916593428145155}"
C,price_plus_capex,0.1,0.5,0.1,50,normal,static6040,13.852888251255083,0.5481735915114052,9.210782107959592,-0.45433889366598545,-0.06890481408750015,-0.3854340795784853,0.62,0.991304347826087,-0.05946780078577718,"{'n': 2000, 'block': 12, 'excess_p025': 0.4908805485981727, 'excess_median': 9.966345810093268, 'excess_p975': 113.39188278835756, 'prob_excess_positive': 0.9905, 'boot_active_maxdd_p025': -0.6754177233411044, 'boot_active_maxdd_median': -0.43959286955719196, 'boot_active_maxdd_p975': -0.1894890608042975}"
C,price_plus_capex,0.1,0.5,0.1,50,delay3,SPY,13.550388175277508,4.179257216372781,2.2823816867442397,-0.45460905408555663,-0.23927986806657908,-0.21532918601897755,0.5866666666666667,0.6434782608695652,-0.29939466541910265,"{'n': 2000, 'block': 12, 'excess_p025': -0.20511582589354205, 'excess_median': 2.7360650796462584, 'excess_p975': 22.606698114105367, 'prob_excess_positive': 0.947, 'boot_active_maxdd_p025': -0.6420741107382788, 'boot_active_maxdd_median': -0.3721430689763175, 'boot_active_maxdd_p975': -0.19134326599910698}"
C,price_plus_capex,0.1,0.5,0.1,50,delay3,static6040,13.550388175277508,0.5481735915114052,9.001892315337042,-0.45460905408555663,-0.06890481408750015,-0.3857042399980565,0.62,0.991304347826087,-0.05690398445299838,"{'n': 2000, 'block': 12, 'excess_p025': 0.47868326791281407, 'excess_median': 9.750447796299381, 'excess_p975': 112.19813394945989, 'prob_excess_positive': 0.9905, 'boot_active_maxdd_p025': -0.6754840087828513, 'boot_active_maxdd_median': -0.43968617524779474, 'boot_active_maxdd_p975': -0.18947777767473795}"
C,price_plus_capex,0.1,0.5,0.1,50,delay6,SPY,13.72735916810013,4.179257216372781,2.322350351427394,-0.45436492785576976,-0.23927986806657908,-0.21508505978919068,0.5933333333333334,0.6608695652173913,-0.2987691666741943,"{'n': 2000, 'block': 12, 'excess_p025': -0.20276827828677946, 'excess_median': 2.7542495317865887, 'excess_p975': 22.83919152491542, 'prob_excess_positive': 0.948, 'boot_active_maxdd_p025': -0.639540421250029, 'boot_active_maxdd_median': -0.37111914577107263, 'boot_active_maxdd_p975': -0.1900835110724957}"
C,price_plus_capex,0.1,0.5,0.1,50,delay6,static6040,13.72735916810013,0.5481735915114052,9.123578823127009,-0.45436492785576976,-0.06890481408750015,-0.3854601137682696,0.62,0.991304347826087,-0.05761517925261317,"{'n': 2000, 'block': 12, 'excess_p025': 0.48509611457583957, 'excess_median': 9.798511541242146, 'excess_p975': 113.16776811313181, 'prob_excess_positive': 0.9905, 'boot_active_maxdd_p025': -0.6753715124898784, 'boot_active_maxdd_median': -0.43877358762930774, 'boot_active_maxdd_p975': -0.18947206528533933}"
C,price_plus_capex,0.1,0.5,0.1,50,delay12,SPY,13.962672467193634,4.179257216372781,2.372598479404288,-0.4518389807075349,-0.23927986806657908,-0.21255911264095584,0.5866666666666667,0.6608695652173913,-0.29707974381362545,"{'n': 2000, 'block': 12, 'excess_p025': -0.20521552407716415, 'excess_median': 2.73784316243583, 'excess_p975': 21.899521618780117, 'prob_excess_positive': 0.9495, 'boot_active_maxdd_p025': -0.6353525044944061, 'boot_active_maxdd_median': -0.3695750262123881, 'boot_active_maxdd_p975': -0.18831486063758002}"
C,price_plus_capex,0.1,0.5,0.1,50,delay12,static6040,13.962672467193634,0.5481735915114052,9.287505906901758,-0.4518389807075349,-0.06890481408750015,-0.38293416662003477,0.62,0.991304347826087,-0.05374155591602392,"{'n': 2000, 'block': 12, 'excess_p025': 0.5007014692223818, 'excess_median': 9.736916736616436, 'excess_p975': 109.89563361717308, 'prob_excess_positive': 0.9905, 'boot_active_maxdd_p025': -0.6724524194649901, 'boot_active_maxdd_median': -0.43582106591504965, 'boot_active_maxdd_p975': -0.18947296435145844}"
C,price_plus_capex,0.1,0.5,0.1,50,missing,SPY,12.579573570253622,4.179257216372781,2.0794513347286805,-0.48474012324311644,-0.23927986806657908,-0.24546025517653736,0.5533333333333333,0.6173913043478261,-0.4097310570059465,"{'n': 2000, 'block': 12, 'excess_p025': -0.35849130727322065, 'excess_median': 2.707578232022672, 'excess_p975': 27.75931877212123, 'prob_excess_positive': 0.927, 'boot_active_maxdd_p025': -0.7056697266395898, 'boot_active_maxdd_median': -0.4220378811602416, 'boot_active_maxdd_p975': -0.21799875702328034}"
C,price_plus_capex,0.1,0.5,0.1,50,missing,static6040,12.579573570253622,0.5481735915114052,8.357877071902825,-0.48474012324311644,-0.06890481408750015,-0.4158353091556163,0.6133333333333333,0.991304347826087,-0.1223110351289558,"{'n': 2000, 'block': 12, 'excess_p025': 0.26706152914949133, 'excess_median': 9.847159799673626, 'excess_p975': 133.8299150743868, 'prob_excess_positive': 0.9855, 'boot_active_maxdd_p025': -0.7137937144007045, 'boot_active_maxdd_median': -0.46915744350331623, 'boot_active_maxdd_p975': -0.19908534993010427}"
C,price_plus_capex,0.1,0.5,0.1,100,normal,SPY,13.577063614101665,4.179257216372781,2.28874162759423,-0.4548130505746809,-0.23927986806657908,-0.21553318250810183,0.58,0.6521739130434783,-0.30407388370716837,"{'n': 2000, 'block': 12, 'excess_p025': -0.21171092427835345, 'excess_median': 2.7310596406073584, 'excess_p975': 22.38969634569615, 'prob_excess_positive': 0.9455, 'boot_active_maxdd_p025': -0.6435989167839498, 'boot_active_maxdd_median': -0.3747724496366405, 'boot_active_maxdd_p975': -0.19276430001840425}"
C,price_plus_capex,0.1,0.5,0.1,100,normal,static6040,13.577063614101665,0.5481735915114052,9.020938644857175,-0.4548130505746809,-0.06890481408750015,-0.38590823648718076,0.62,0.991304347826087,-0.0638135958751731,"{'n': 2000, 'block': 12, 'excess_p025': 0.4640058596488385, 'excess_median': 9.748422150906533, 'excess_p975': 111.58067382142785, 'prob_excess_positive': 0.99, 'boot_active_maxdd_p025': -0.6772459471338103, 'boot_active_maxdd_median': -0.44104775566082766, 'boot_active_maxdd_p975': -0.18986259862347776}"
C,price_plus_capex,0.1,0.5,0.1,100,delay3,SPY,13.281153955009193,4.179257216372781,2.2209877396002504,-0.4550757110825886,-0.23927986806657908,-0.21579584301600951,0.5866666666666667,0.6347826086956522,-0.305576157502063,"{'n': 2000, 'block': 12, 'excess_p025': -0.22486170122927837, 'excess_median': 2.6715932949092807, 'excess_p975': 22.246326179273012, 'prob_excess_positive': 0.945, 'boot_active_maxdd_p025': -0.6459423883775047, 'boot_active_maxdd_median': -0.375202181745302, 'boot_active_maxdd_p975': -0.19271990288167823}"
C,price_plus_capex,0.1,0.5,0.1,100,delay3,static6040,13.281153955009193,0.5481735915114052,8.816552249074892,-0.4550757110825886,-0.06890481408750015,-0.38617089699508844,0.62,0.991304347826087,-0.06126951775943157,"{'n': 2000, 'block': 12, 'excess_p025': 0.44972513923511837, 'excess_median': 9.575075777133092, 'excess_p975': 110.76872707945928, 'prob_excess_positive': 0.99, 'boot_active_maxdd_p025': -0.6783089900196404, 'boot_active_maxdd_median': -0.4409974550513711, 'boot_active_maxdd_p975': -0.18985002425867836}"
C,price_plus_capex,0.1,0.5,0.1,100,delay6,SPY,13.454844458949745,4.179257216372781,2.2601724396956966,-0.4548305153724277,-0.23927986806657908,-0.2155506473058486,0.5933333333333334,0.6521739130434783,-0.30491728439354415,"{'n': 2000, 'block': 12, 'excess_p025': -0.2189787752888603, 'excess_median': 2.68767862100502, 'excess_p975': 22.489978205291333, 'prob_excess_positive': 0.945, 'boot_active_maxdd_p025': -0.6439609206014358, 'boot_active_maxdd_median': -0.37411185877691266, 'boot_active_maxdd_p975': -0.1922078148469002}"
C,price_plus_capex,0.1,0.5,0.1,100,delay6,static6040,13.454844458949745,0.5481735915114052,8.935988582926633,-0.4548305153724277,-0.06890481408750015,-0.38592570128492754,0.62,0.991304347826087,-0.061971781821712035,"{'n': 2000, 'block': 12, 'excess_p025': 0.45499497139845524, 'excess_median': 9.598568092281415, 'excess_p975': 111.25998893724037, 'prob_excess_positive': 0.99, 'boot_active_maxdd_p025': -0.6777246359400877, 'boot_active_maxdd_median': -0.44072029126708906, 'boot_active_maxdd_p975': -0.1898447246071545}"
C,price_plus_capex,0.1,0.5,0.1,100,delay12,SPY,13.692419562370816,4.179257216372781,2.3110278036200222,-0.45231310590576934,-0.23927986806657908,-0.21303323783919026,0.5866666666666667,0.6608695652173913,-0.303198452701507,"{'n': 2000, 'block': 12, 'excess_p025': -0.22618021720317863, 'excess_median': 2.6632477294098584, 'excess_p975': 21.549162150277073, 'prob_excess_positive': 0.9455, 'boot_active_maxdd_p025': -0.6388963859421251, 'boot_active_maxdd_median': -0.3722399196811118, 'boot_active_maxdd_p975': -0.1906080286393038}"
C,price_plus_capex,0.1,0.5,0.1,100,delay12,static6040,13.692419562370816,0.5481735915114052,9.101474443852723,-0.45231310590576934,-0.06890481408750015,-0.3834082918182692,0.62,0.991304347826087,-0.05816270300425774,"{'n': 2000, 'block': 12, 'excess_p025': 0.47299347938091896, 'excess_median': 9.533239019512335, 'excess_p975': 108.54695355170672, 'prob_excess_positive': 0.9905, 'boot_active_maxdd_p025': -0.6747320463150599, 'boot_active_maxdd_median': -0.4381884462477696, 'boot_active_maxdd_p975': -0.1898451481950042}"
C,price_plus_capex,0.1,0.5,0.1,100,missing,SPY,12.3422068869086,4.179257216372781,2.025052399627037,-0.48517470347650893,-0.23927986806657908,-0.24589483540992985,0.5533333333333333,0.6173913043478261,-0.4152297405473824,"{'n': 2000, 'block': 12, 'excess_p025': -0.3733308878744596, 'excess_median': 2.6226369810837546, 'excess_p975': 27.20194873382785, 'prob_excess_positive': 0.9255, 'boot_active_maxdd_p025': -0.7093553502470863, 'boot_active_maxdd_median': -0.42409649210194267, 'boot_active_maxdd_p975': -0.21967671748362705}"
C,price_plus_capex,0.1,0.5,0.1,100,missing,static6040,12.3422068869086,0.5481735915114052,8.194082254771972,-0.48517470347650893,-0.06890481408750015,-0.4162698893890088,0.6133333333333333,0.991304347826087,-0.12628383382467478,"{'n': 2000, 'block': 12, 'excess_p025': 0.24079594523851441, 'excess_median': 9.627139178904624, 'excess_p975': 131.0849732017449, 'prob_excess_positive': 0.984, 'boot_active_maxdd_p025': -0.7148514544039904, 'boot_active_maxdd_median': -0.4710887409733882, 'boot_active_maxdd_p975': -0.19947600654258696}"
D,price_plus_capex,0.1,0.7,0.1,50,normal,SPY,16.546951720625557,4.179257216372781,2.9449874043740043,-0.43317110008613235,-0.23927986806657908,-0.19389123201955327,0.5933333333333334,0.8434782608695652,-0.2518956414299094,"{'n': 2000, 'block': 12, 'excess_p025': -0.025677231094476397, 'excess_median': 3.099018304989632, 'excess_p975': 20.912240832443953, 'prob_excess_positive': 0.971, 'boot_active_maxdd_p025': -0.585729119881997, 'boot_active_maxdd_median': -0.3322644207430453, 'boot_active_maxdd_p975': -0.1666207886905311}"
D,price_plus_capex,0.1,0.7,0.1,50,normal,static6040,16.546951720625557,0.5481735915114052,11.075433993162381,-0.43317110008613235,-0.06890481408750015,-0.3642662859986322,0.6066666666666667,0.991304347826087,-0.016936431811005237,"{'n': 2000, 'block': 12, 'excess_p025': 0.8248081791823395, 'excess_median': 11.29070903805517, 'excess_p975': 97.16542111350132, 'prob_excess_positive': 0.9925, 'boot_active_maxdd_p025': -0.646509218164086, 'boot_active_maxdd_median': -0.42357872087954146, 'boot_active_maxdd_p975': -0.18579815112308284}"
D,price_plus_capex,0.1,0.7,0.1,50,delay3,SPY,16.153601844760846,4.179257216372781,2.854994910562433,-0.43312298439542973,-0.23927986806657908,-0.19384311632885065,0.5933333333333334,0.8434782608695652,-0.2510304707950888,"{'n': 2000, 'block': 12, 'excess_p025': -0.033089748825061154, 'excess_median': 3.042440902604193, 'excess_p975': 20.44213483778633, 'prob_excess_positive': 0.97, 'boot_active_maxdd_p025': -0.5861375678401382, 'boot_active_maxdd_median': -0.3315881914485984, 'boot_active_maxdd_p975': -0.1666207886905311}"
D,price_plus_capex,0.1,0.7,0.1,50,delay3,static6040,16.153601844760846,0.5481735915114052,10.803678505514949,-0.43312298439542973,-0.06890481408750015,-0.3642181703079296,0.6066666666666667,0.991304347826087,-0.016071261176184626,"{'n': 2000, 'block': 12, 'excess_p025': 0.8188699496154095, 'excess_median': 11.112678963571206, 'excess_p975': 93.59309604157434, 'prob_excess_positive': 0.9925, 'boot_active_maxdd_p025': -0.6466322460724541, 'boot_active_maxdd_median': -0.4230353977433535, 'boot_active_maxdd_p975': -0.18579815112308284}"
D,price_plus_capex,0.1,0.7,0.1,50,delay6,SPY,16.165705408679973,4.179257216372781,2.857248493707235,-0.4329589728482114,-0.23927986806657908,-0.1936791047816323,0.5933333333333334,0.8434782608695652,-0.25001492753171695,"{'n': 2000, 'block': 12, 'excess_p025': -0.036897857617641805, 'excess_median': 3.030909577673068, 'excess_p975': 20.382412418095193, 'prob_excess_positive': 0.9695, 'boot_active_maxdd_p025': -0.5868466907374456, 'boot_active_maxdd_median': -0.3317049106145444, 'boot_active_maxdd_p975': -0.16662078869053087}"
D,price_plus_capex,0.1,0.7,0.1,50,delay6,static6040,16.165705408679973,0.5481735915114052,10.812044230044336,-0.4329589728482114,-0.06890481408750015,-0.36405415876071123,0.6066666666666667,0.991304347826087,-0.015055717912812794,"{'n': 2000, 'block': 12, 'excess_p025': 0.8079258119036885, 'excess_median': 11.08011148392888, 'excess_p975': 93.66488239841941, 'prob_excess_positive': 0.9925, 'boot_active_maxdd_p025': -0.6465073347610467, 'boot_active_maxdd_median': -0.42077698984840084, 'boot_active_maxdd_p975': -0.18579815112308284}"
D,price_plus_capex,0.1,0.7,0.1,50,delay12,SPY,16.689746383609535,4.179257216372781,2.9758633294472463,-0.4305795137262216,-0.23927986806657908,-0.19129964565964253,0.5866666666666667,0.8434782608695652,-0.24147452560073113,"{'n': 2000, 'block': 12, 'excess_p025': -0.02481215972149919, 'excess_median': 3.0720630156738844, 'excess_p975': 20.79667930009779, 'prob_excess_positive': 0.9725, 'boot_active_maxdd_p025': -0.5825266734371645, 'boot_active_maxdd_median': -0.3301788308955253, 'boot_active_maxdd_p975': -0.16662078869053099}"
D,price_plus_capex,0.1,0.7,0.1,50,delay12,static6040,16.689746383609535,0.5481735915114052,11.175305005412694,-0.4305795137262216,-0.06890481408750015,-0.36167469963872145,0.6066666666666667,0.991304347826087,-0.006515315981826975,"{'n': 2000, 'block': 12, 'excess_p025': 0.8186286697578684, 'excess_median': 11.331695219832062, 'excess_p975': 95.5676550741864, 'prob_excess_positive': 0.9925, 'boot_active_maxdd_p025': -0.6435879505189217, 'boot_active_maxdd_median': -0.4176887083426803, 'boot_active_maxdd_p975': -0.1857808648477839}"
D,price_plus_capex,0.1,0.7,0.1,50,missing,SPY,12.566057912326276,4.179257216372781,2.07882982837135,-0.48770584665248695,-0.23927986806657908,-0.24842597858590787,0.5533333333333333,0.6260869565217392,-0.409058833171444,"{'n': 2000, 'block': 12, 'excess_p025': -0.3688239471486681, 'excess_median': 2.764773268342189, 'excess_p975': 28.516773106966443, 'prob_excess_positive': 0.9255, 'boot_active_maxdd_p025': -0.7139719252975542, 'boot_active_maxdd_median': -0.4290826123919499, 'boot_active_maxdd_p975': -0.22119081225088025}"
D,price_plus_capex,0.1,0.7,0.1,50,missing,static6040,12.566057912326276,0.5481735915114052,8.370769608097717,-0.48770584665248695,-0.06890481408750015,-0.4188010325649868,0.6066666666666667,0.991304347826087,-0.17409962355253983,"{'n': 2000, 'block': 12, 'excess_p025': 0.25300559947062656, 'excess_median': 10.171434042071148, 'excess_p975': 127.69564720512422, 'prob_excess_positive': 0.9835, 'boot_active_maxdd_p025': -0.7195851114847184, 'boot_active_maxdd_median': -0.47383894029359136, 'boot_active_maxdd_p975': -0.20817953905420927}"
D,price_plus_capex,0.1,0.7,0.1,100,normal,SPY,16.098024242867933,4.179257216372781,2.84315702259796,-0.4342792045656163,-0.23927986806657908,-0.19499933649903722,0.5866666666666667,0.8,-0.25937129242549894,"{'n': 2000, 'block': 12, 'excess_p025': -0.053628827223488364, 'excess_median': 3.0151216762358946, 'excess_p975': 20.36618158134738, 'prob_excess_positive': 0.966, 'boot_active_maxdd_p025': -0.5898332405077694, 'boot_active_maxdd_median': -0.335461243631189, 'boot_active_maxdd_p975': -0.1683091556326679}"
D,price_plus_capex,0.1,0.7,0.1,100,normal,static6040,16.098024242867933,0.5481735915114052,10.766242416387064,-0.4342792045656163,-0.06890481408750015,-0.36537439047811615,0.6066666666666667,0.991304347826087,-0.024412082806594793,"{'n': 2000, 'block': 12, 'excess_p025': 0.7752553901386905, 'excess_median': 10.912684167563711, 'excess_p975': 94.91191306893532, 'prob_excess_positive': 0.9925, 'boot_active_maxdd_p025': -0.6481868363115241, 'boot_active_maxdd_median': -0.425286697933135, 'boot_active_maxdd_p975': -0.18649292210436375}"
D,price_plus_capex,0.1,0.7,0.1,100,delay3,SPY,15.716146545898958,4.179257216372781,2.7558143202945975,-0.4342306896475202,-0.23927986806657908,-0.19495082158094112,0.5866666666666667,0.8,-0.25853376875354694,"{'n': 2000, 'block': 12, 'excess_p025': -0.05857834262646348, 'excess_median': 2.9410348151906254, 'excess_p975': 19.948952021385637, 'prob_excess_positive': 0.965, 'boot_active_maxdd_p025': -0.5897356364061579, 'boot_active_maxdd_median': -0.3351685873040422, 'boot_active_maxdd_p975': -0.1683091556326679}"
D,price_plus_capex,0.1,0.7,0.1,100,delay3,static6040,15.716146545898958,0.5481735915114052,10.502355117388033,-0.4342306896475202,-0.06890481408750015,-0.36532587556002005,0.6066666666666667,0.991304347826087,-0.023574559134642792,"{'n': 2000, 'block': 12, 'excess_p025': 0.772252384062708, 'excess_median': 10.770217544833566, 'excess_p975': 91.1667819881064, 'prob_excess_positive': 0.9925, 'boot_active_maxdd_p025': -0.6483222278930082, 'boot_active_maxdd_median': -0.4248493554433211, 'boot_active_maxdd_p975': -0.18649292210436375}"
D,price_plus_capex,0.1,0.7,0.1,100,delay6,SPY,15.727954713242564,4.179257216372781,2.7580175716126063,-0.434057699990248,-0.23927986806657908,-0.19477783192366893,0.5866666666666667,0.8,-0.25751855338713203,"{'n': 2000, 'block': 12, 'excess_p025': -0.062365188827590505, 'excess_median': 2.9224866859383782, 'excess_p975': 19.870769436841556, 'prob_excess_positive': 0.965, 'boot_active_maxdd_p025': -0.5902331606390347, 'boot_active_maxdd_median': -0.3353748718125159, 'boot_active_maxdd_p975': -0.1683091556326679}"
D,price_plus_capex,0.1,0.7,0.1,100,delay6,static6040,15.727954713242564,0.5481735915114052,10.510527336333265,-0.434057699990248,-0.06890481408750015,-0.36515288590274786,0.6066666666666667,0.991304347826087,-0.02255934376822788,"{'n': 2000, 'block': 12, 'excess_p025': 0.7603029200006154, 'excess_median': 10.756221009640255, 'excess_p975': 90.88579980057126, 'prob_excess_positive': 0.9925, 'boot_active_maxdd_p025': -0.6480770088459069, 'boot_active_maxdd_median': -0.4222629861937878, 'boot_active_maxdd_p975': -0.18649292210436375}"
D,price_plus_capex,0.1,0.7,0.1,100,delay12,SPY,16.255306235872663,4.179257216372781,2.8774049002563684,-0.431690712568766,-0.23927986806657908,-0.19241084450218693,0.5866666666666667,0.8,-0.2489877035507715,"{'n': 2000, 'block': 12, 'excess_p025': -0.048267757995397544, 'excess_median': 2.9779114492452754, 'excess_p975': 20.31683826802994, 'prob_excess_positive': 0.9665, 'boot_active_maxdd_p025': -0.5873539462951826, 'boot_active_maxdd_median': -0.33342829320049755, 'boot_active_maxdd_p975': -0.1683091556326679}"
D,price_plus_capex,0.1,0.7,0.1,100,delay12,static6040,16.255306235872663,0.5481735915114052,10.876048026841785,-0.431690712568766,-0.06890481408750015,-0.36278589848126586,0.6066666666666667,0.991304347826087,-0.014028493931867336,"{'n': 2000, 'block': 12, 'excess_p025': 0.772347271613878, 'excess_median': 10.999181062912609, 'excess_p975': 93.0285954215132, 'prob_excess_positive': 0.9925, 'boot_active_maxdd_p025': -0.645425167737046, 'boot_active_maxdd_median': -0.41970211759201037, 'boot_active_maxdd_p975': -0.1864763107472689}"
D,price_plus_capex,0.1,0.7,0.1,100,missing,SPY,12.235689872478812,4.179257216372781,2.0032311878624554,-0.48834565818425046,-0.23927986806657908,-0.24906579011767138,0.5533333333333333,0.6086956521739131,-0.41538882709549774,"{'n': 2000, 'block': 12, 'excess_p025': -0.3864955676367416, 'excess_median': 2.678157100511334, 'excess_p975': 27.852027849918287, 'prob_excess_positive': 0.9235, 'boot_active_maxdd_p025': -0.7189862967479381, 'boot_active_maxdd_median': -0.43230371155784275, 'boot_active_maxdd_p975': -0.22175672358282308}"
D,price_plus_capex,0.1,0.7,0.1,100,missing,static6040,12.235689872478812,0.5481735915114052,8.142362744693688,-0.48834565818425046,-0.06890481408750015,-0.4194408440967503,0.6066666666666667,0.991304347826087,-0.18042961747659358,"{'n': 2000, 'block': 12, 'excess_p025': 0.21582636314325024, 'excess_median': 9.883802574295697, 'excess_p975': 124.71483089983192, 'prob_excess_positive': 0.983, 'boot_active_maxdd_p025': -0.7209669056963425, 'boot_active_maxdd_median': -0.47513542858850766, 'boot_active_maxdd_p975': -0.20839167838519979}"
